question_id,group_id,shared_material,question,option_A,option_B,option_C,option_D,answer,answer_status,source_name,source_url,year,province,exam_type,duplicate_status,parse_status,review_status,reviewer,notes,review_snapshot_hash
CHIS_000001,GROUP_GAOKAO_BENCH_2022_0001,,"盛唐洋溢着刚健丰伟、庄重博大的时代气象,这在书法艺术上亦有体现。宋代书法家米 芾推崇唐代某位书法家的作品“如项羽挂甲,樊哙排突,硬弩欲张,铁柱将立,昂然有不可 犯之色”。能够突出体现这一风格的书体是()",小篆,楷书,行书,草书,B,verified,OpenLMLab GAOKAO-Bench,https://github.com/OpenLMLab/GAOKAO-Bench,2022,全国,高考真题,unique,valid,pending,,,bc79657ceef811c92a53b5cbcf8ee8482921fae11a28d76bfecddb369db5ec6d
CHIS_000002,GROUP_GAOKAO_BENCH_2022_0002,,"宋朝在州府设通判,重要州府设两名,民户少的州可以不置,但若武官任知州,则必置。 通判有自己专属的衙门通判厅,与知州(府)共议政务、同署文书,“有军旅之事,则专任 钱粮之责”。据此可知,设置通判的主要目的是()",规范地方行政,防止武人干政,提升军事能力,削弱州 府权力,A,verified,OpenLMLab GAOKAO-Bench,https://github.com/OpenLMLab/GAOKAO-Bench,2022,全国,高考真题,unique,valid,pending,,,d7a4abbec1a04720dac28eb740b04139f9d150b397e1bf48d01eeb6072ba4f67
CHIS_000003,GROUP_GAOKAO_BENCH_2022_0003,,"明后期有士人称,江南流行“好名喜夸”之风,家中但凡有千金之产,必定会营建一园, “近聚土壤,远延木石,聊以矜眩于一时耳”,但“俗气扑人”。这可用于说明()",士大夫传统观念的颠覆,世俗化审美趣味的初现16,士农工商社会结构解体,江南市镇工商业的繁荣,D,verified,OpenLMLab GAOKAO-Bench,https://github.com/OpenLMLab/GAOKAO-Bench,2022,全国,高考真题,unique,valid,pending,,,c64e62ae0d0ca9dbe5470b5f3c9a79116799679b1314c6983aead41f4049fcc7
CHIS_000004,GROUP_GAOKAO_BENCH_2022_0004,,"据某位学者回忆,“‘五四’初期,一般人多以新旧分别事物”,中国古来已有的一概 称为旧,古来未有或来自外国的一概称为新;不久,有了“更高的判别的准绳......对于古今、 中外能够排好恰当的关系”,并不一概否定或肯定。这一转变反映出()",东西方文化论争由此引发,传统儒学思想开始受到批判,全盘西化的思想得以消除,思想解放运动方向发生变化,D,verified,OpenLMLab GAOKAO-Bench,https://github.com/OpenLMLab/GAOKAO-Bench,2022,全国,高考真题,unique,valid,pending,,,32f8dee5698563a99234606400f505d2852818a47e42b55c4c602c8b8a4471f5
CHIS_000005,GROUP_GAOKAO_BENCH_2022_0005,,"20世纪30年代,中共中央决定将苏维埃工农共和国改变为苏维埃人民共和国,政策调 整为:给一切革命的小资产阶级及其知识分子以选举权和被选举权,停止没收富农的土地及 财产,允许有产阶级代表参加苏区政权管理工作,等等。上述调整()",适应建立抗日民族统一战线的需要,是为武装反抗国民党进行社会动员,表明党的中心工作以夺取城市为目标,为建立民主联合政府争取广泛的支 持,A,verified,OpenLMLab GAOKAO-Bench,https://github.com/OpenLMLab/GAOKAO-Bench,2022,全国,高考真题,unique,valid,pending,,,4fc2c190a787cc30b25378c6ef97d32086774a11dbda08f8c5829295f153d482
CHIS_000006,GROUP_GAOKAO_BENCH_2022_0006,,"据学者研究,古代雅典官员在接受任职资格审查时,需要回答:直系亲属姓名及男性亲 属所在村社名称、崇拜的神祗及其圣所所在地、墓葬方位、是否善待双亲、是否纳税、是否 服兵役等。下列属于成为古代雅典官员前提条件的是()",军事才能、宗教信仰,道德品质、演说能力,丰厚财力、贵族血统,本邦籍贯、成年男性,D,verified,OpenLMLab GAOKAO-Bench,https://github.com/OpenLMLab/GAOKAO-Bench,2022,全国,高考真题,unique,valid,pending,,,6b258344d0f10ef564dd75dcef2fd982aca6f971e9d163a6a8fa361ff9561631
CHIS_000007,GROUP_GAOKAO_BENCH_2022_0007,,"16世纪中叶,法国人帕斯基耶写作《法国研究》时说,“我用俗语(而非拉丁语)写 作”;布代的《论钱币》处处流露出捍卫法国文化并与意大利人竞争的意识。有学者因此认 为,16世纪是“法国意识”萌发的世纪。据此可知,“法国意识”的萌发缘于()",人文主义思想的广泛传播,新兴阶层摆脱宗教神权束缚,资本主义经济的迅猛发展,“人民主权”学说深入人心,A,verified,OpenLMLab GAOKAO-Bench,https://github.com/OpenLMLab/GAOKAO-Bench,2022,全国,高考真题,unique,valid,pending,,,9fa72263e7486ce6f7c4457dfdaf27f6317a523dd8012489b59d84b55c301886
CHIS_000008,GROUP_GAOKAO_BENCH_2022_0008,,"1879年,德国杜伊斯堡成为世界最大内河港口,输入矿砂和粮食,输出煤和钢铁制品。 1900年,德国船队总吨位由1870年不足百万吨发展至近200万吨,成为蒸汽时代以来第一 个能与大英帝国一争高低的船队。由此可知,这一时期的德国()",已经确立“世界工厂”的地位,航运业的发展助长其海外扩张,海上实力飞跃源于蒸汽机的改进,共和政体确立推动经济飞速发展,B,verified,OpenLMLab GAOKAO-Bench,https://github.com/OpenLMLab/GAOKAO-Bench,2022,全国,高考真题,unique,valid,pending,,,a7336878f2322786a3d937963cda643384f48218c6a696b1ed5a3c141c6a6268
CHIS_000009,GROUP_GAOKAO_BENCH_2022_0009,,"1917年3月中旬,加米涅夫和斯大林连续发表文章,主张只要临时政府不直接危及群 众利益,就应给予支持;要求放弃无条件反对战争的立场,改行对临时政府施加压力以迫其 开始和谈的策略。这个主张得到了党内大多数人的支持。这表明当时()",临时政府反对继续进行帝国主义战争,沙皇残余势力仍对革命存在严重威 胁,布尔什维克党对革命形势认识尚不明晰,国际局势不利于俄国革命持续深入 发展,C,verified,OpenLMLab GAOKAO-Bench,https://github.com/OpenLMLab/GAOKAO-Bench,2022,全国,高考真题,unique,valid,pending,,,5b49407c3555eea63f93cd290126152ca5ef3997561410d6f80e44e5a063cc80
CHIS_000010,GROUP_GAOKAO_BENCH_2022_0010,,"汉晋时期有多种文本记载,帝尧之时,“天下太和,百姓无事”。有老者“击壤”而戏, 围观者称颂帝尧。老者歌云:“吾日出而作,日入而息,凿井而饮,耕地而食,帝何德于我 哉!”上述记载所体现的政治理念最接近()",孔子,老子,韩非,墨子,B,verified,OpenLMLab GAOKAO-Bench,https://github.com/OpenLMLab/GAOKAO-Bench,2022,全国,高考真题,unique,valid,pending,,,750a29056e033b62b5fcce94a29694bacbcdce5f6ee8ab2317f859596ac3840d
CHIS_000011,GROUP_GAOKAO_BENCH_2022_0011,,"西晋至唐初,皇子皇弟封王开府,坐镇地方,手握重权。唐玄宗在京城专门修建一座大 宅邸,集中安置诸王,由宦官管理,称为“十王宅”,又仿此建“百孙院”。此后,唐朝沿 用该制度。由此可知,唐后期对皇子皇孙的安置()",削弱了藩镇势力,强化了分封体制,凸显了专制集权,动摇了 宗法制度,C,verified,OpenLMLab GAOKAO-Bench,https://github.com/OpenLMLab/GAOKAO-Bench,2022,全国,高考真题,unique,valid,pending,,,267cd8b7b908ac250f8e3a85a2dcd379542c3f753f82aa13dbed52722d82a452
CHIS_000012,GROUP_GAOKAO_BENCH_2022_0012,,"宋朝海外贸易中,输出的商品主要是丝织品、瓷器、漆器、铁器等,输入的商品以香料、 犀角、象牙、珊瑚、珍珠等为大宗。政府每年从海上进口贸易中获利颇丰。这表明,在宋朝 ()",进口商品成为基本生产资料,开辟了海上丝绸之路,外贸成为国家税收主要来源,手工业生产较为发达,D,verified,OpenLMLab GAOKAO-Bench,https://github.com/OpenLMLab/GAOKAO-Bench,2022,全国,高考真题,unique,valid,pending,,,24bff90b54caab2923b530d69053cc017de7747e1e15bb26f1f048be12cef676
CHIS_000013,GROUP_GAOKAO_BENCH_2022_0013,,"康熙年间,多次令各地举荐山林隐逸,又令官员推举博学鸿儒,吸收学行兼优之士。开 设明史馆,召集文人编纂明史,还进行多部儒经传注的修纂,编成《康熙字典》。上述措施 的主要目的是()15",承续华夏传统,倡导疑古辨伪,弘扬程朱理学,保存历 史文献,A,verified,OpenLMLab GAOKAO-Bench,https://github.com/OpenLMLab/GAOKAO-Bench,2022,全国,高考真题,unique,valid,pending,,,3d3c543974bb1decacc8a237e5cc066daf7cae2a7c24b93f7b60eba0a8badd1d
CHIS_000014,GROUP_GAOKAO_BENCH_2022_0014,,"1846年,上海的进口货值较前一年下降13%,1847年又减少5.4%,1848年更大幅度 地下降20.1%。此后虽有回升,但极不稳定,一直到1854年还没有恢复到1845年的水平。 这可用于说明,进口货值的下降()",阻止了自然经济的解体,导致西方商品倾销重心转移,促使传统手工业的恢复,成为列强进一步侵华的借口,D,verified,OpenLMLab GAOKAO-Bench,https://github.com/OpenLMLab/GAOKAO-Bench,2022,全国,高考真题,unique,valid,pending,,,1f7809bc261c6f4c701fe81ac2cd7dbfa8df8dc37d886f3acf7ddc07c50ddb03
CHIS_000015,GROUP_GAOKAO_BENCH_2022_0015,,"“百日维新”前,梁启超任教于湖南时务学堂,“所言皆当时一派之民权论”,又窃印 《明夷待访录》《扬州十日记》等禁书,“加以案语,秘密分布,传播革命思想,信奉者日 众”,于是“湖南新旧派大哄”。这反映出,当时()",革命已成为主要思潮,维新派变法策略未能统一,变法思想的根本转变,维新派侧重动员民众变法16,B,verified,OpenLMLab GAOKAO-Bench,https://github.com/OpenLMLab/GAOKAO-Bench,2022,全国,高考真题,unique,valid,pending,,,37645693af717a7989b1b2f40cb2a947811ba21450ed72ad03653cdbac6a54ef
CHIS_000016,GROUP_GAOKAO_BENCH_2022_0016,,"1939年,朱德指出,“在中国,由议会选举政府,决定施政方针,边区是第一个”。 1940年,毛泽东再次强调,这种政权“是一切赞成抗日又赞成民主的人们的政权,是几个 革命阶级联合起来对于汉奸和反动派的民主专政”。这说明,边区政府()",具备了新民主主义的特征,脱离了国民政府管辖,代表根据地社会全体意志,仿行苏联的政治制度,A,verified,OpenLMLab GAOKAO-Bench,https://github.com/OpenLMLab/GAOKAO-Bench,2022,全国,高考真题,unique,valid,pending,,,85f5c040bac867df1b2d4dc84e3118000b8ea8d528fcf0247467f72756e6ad34
CHIS_000017,GROUP_GAOKAO_BENCH_2022_0017,,"梭伦为了鼓动雅典人重开争夺萨拉米斯岛之战,在广场上当众朗诵自己的诗歌,促使雅 典人废除了禁止公民提议争夺萨拉米斯岛的法律。某主战派统帅在战前说服雅典人把金钱用 于建造海军,在战时又说服雅典人留在萨拉米斯。出现这种现象的主要原因是()",领袖人物具有绝对权威,平民与贵族的关系融洽,智者学派雄辩术的普及,公民直接参与城邦事务,D,verified,OpenLMLab GAOKAO-Bench,https://github.com/OpenLMLab/GAOKAO-Bench,2022,全国,高考真题,unique,valid,pending,,,a611aaed9c0c9f41b77d213e3b5f5bd32535699473b86393299ccae49aa8f7a5
CHIS_000018,GROUP_GAOKAO_BENCH_2022_0018,,"表1 进口货物占总货物的价值比(%) 1664-1670 1731-1740年 胡椒 20.1 4.3 茶叶 0.02 9.2618咖啡 0.63 5.35 棉纺织品 62.59 65.35 表1是学者统计的17-18世纪英国东印度公司进口的部分亚洲货物价值占比。据表可知,该 时期()",生产方式决定进口货物价值占比,英国确立海上贸易的霸主地位,殖民扩张推动了消费结构的变化,工业革命促进东西方贸易增长,C,verified,OpenLMLab GAOKAO-Bench,https://github.com/OpenLMLab/GAOKAO-Bench,2022,全国,高考真题,unique,valid,pending,,,79f7a8cff862a20ce5463bc2e1ff7891987f4f437ab228e10389c2a7828ce02a
CHIS_000019,GROUP_GAOKAO_BENCH_2022_0019,,"蒸汽机发明后,日益成为欧美国家雇佣大农场机器动力的重要来源,需要多人协同操作。 20世纪初,农业机器的使用变得个人化、小型化,家庭农场在劳动生产率方面缩小了与雇 佣大农场的差距,后者日趋衰落。这一系列变化表明()",内燃机的应用改变农业生产组织形式,农业技术发展导致失业人口大量增 加,蒸汽机成为农业生产的机器动力来源,农业生产效率的提高依赖于生产规 模,A,verified,OpenLMLab GAOKAO-Bench,https://github.com/OpenLMLab/GAOKAO-Bench,2022,全国,高考真题,unique,valid,pending,,,196a3bbc35508c5cbcb6bab73535bf3fefdbac7ed24e171ead2af2a67bc47c4e
CHIS_000020,GROUP_GAOKAO_BENCH_2022_0020,,"1951年,美国黑人团体民权大会向联合国发起请愿活动,指控美国政府对黑人犯有种 族灭绝罪行。美国政府指责请愿活动是共产主义的宣传,并寻找支持政府的黑人来驳斥这些19指控。这反映出当时()",美苏两极对峙格局的正式形成,民权大会的指控缺乏事实依据,美国对待种族问题的态度受冷战意识影响,美国政府对国内的种族平等问题漠 不关心,C,verified,OpenLMLab GAOKAO-Bench,https://github.com/OpenLMLab/GAOKAO-Bench,2022,全国,高考真题,unique,valid,pending,,,cda77b1f3cefded09b6d8f5a9063fc0a4fdfbe11f428a6991d71b22abfa5a96c
CHIS_000021,GROUP_GAOKAO_BENCH_2021_0021,,"西周分封制下,周天子与诸侯国君将包括土地及人口的采邑赐给卿、大夫作为世禄。西 周中期以后,贵族所获采邑越来越多,到春秋时期,有的诸侯国一个大夫的采邑就多达数十 个。这说明",土地国有制度废除,分封体制不断强化,诸侯国君权力巩固,社会生产持续发展,D,verified,OpenLMLab GAOKAO-Bench,https://github.com/OpenLMLab/GAOKAO-Bench,2021,全国,高考真题,unique,valid,pending,,,cd5c2f21ec93470b424db9937120721cedee80d226f21371b57542690d8fade6
CHIS_000022,GROUP_GAOKAO_BENCH_2021_0022,,"如表是西汉末、东汉中期部分地区民户数量表单位:户,据如表可知,在此期间 都名 西汉末东汉中期 代郡(今河北、山西间) 5677120123 太原(今属山西) 16986330902 南阳(今河南南部及湖北、陕西部分地区)359316528551 汝南(今河南东南、安徽西北) 461587404448 豫章(今属江西) 67462406496 零陵(今湖南、广西间) 21092212284",长江以南经济发展加速,豪强大族势力没落,南北经济的不平衡加剧,个体农耕经济衰退,A,verified,OpenLMLab GAOKAO-Bench,https://github.com/OpenLMLab/GAOKAO-Bench,2021,全国,高考真题,unique,valid,pending,,,43ee42674fe701d208970f9c56d0b31942eac725015d299b7fa66afc23edfb37
CHIS_000023,GROUP_GAOKAO_BENCH_2021_0023,,"宋代,官府强调“民生性命在农,国家根本在农,天下事莫重于农”,“毋含本逐末”。 苏辙说:“凡今农工商贾之家,未有不舍其旧而为士者也。”郑至道说,士农工商“皆百 姓之本业,自生民以来未有能易之者也""。从中可以看出宋代",商品经济发展受到阻碍,重农抑商政策瓦解,社会群体间流动性增强,四民社会地位相同,C,verified,OpenLMLab GAOKAO-Bench,https://github.com/OpenLMLab/GAOKAO-Bench,2021,全国,高考真题,unique,valid,pending,,,f4e14e54b05b642b23582bf97f36f151455190527b29820b40f0b79ff76bc9cb
CHIS_000024,GROUP_GAOKAO_BENCH_2021_0024,,"明清时期,“善书”在民间广为流行,这类书籍多由士绅编撰,内容侧重倡导忠孝友悌、 济急救危、受辱不怨,戒饬攻诘宗亲、凌逼孤寡等,以奉劝世人“诸恶莫作,众善奉行”。 “善书”的流行",确立了理学思想的主导地位,强化了社会主流的价值观,阻碍了官方意识形态的推广,冲击了儒家经典的神圣性,B,verified,OpenLMLab GAOKAO-Bench,https://github.com/OpenLMLab/GAOKAO-Bench,2021,全国,高考真题,unique,valid,pending,,,ed7326f7f5564c167b0961c63b401b3a8fd88d1b4befb6d6ffa3c3888679c93c
CHIS_000025,GROUP_GAOKAO_BENCH_2021_0025,,"1898年,某书商慨叹废八股将使自己损失惨重,后来发现“经学书犹有人买”,其损失并不如以前估计之大,而该书商对新学书籍的投资不久又面临亏损。这可以反映出该时期",儒学地位颠覆,列强侵略加剧,政局变化迅速,西学深入民心,C,verified,OpenLMLab GAOKAO-Bench,https://github.com/OpenLMLab/GAOKAO-Bench,2021,全国,高考真题,unique,valid,pending,,,a2ca16f0a71904a5f0ce57163751f30564e330ea9e0f7f75e5785a1f6f75a7b3
CHIS_000026,GROUP_GAOKAO_BENCH_2021_0026,,"1934年,毛泽东提出:“我们是革命战争的领导者、组织者,我们又是群众生活的领导 者、组织者......在这里,工作方法的问题,就严重地摆在我们的面前。我们不但要提出任务, 而且要解决完成任务的方法问题。”当时毛泽东强调改进工作方法意在",发动群众参加革命战争,开辟中国革命的新道路,建立广泛革命统一战线,动员社会各界进行抗战,A,verified,OpenLMLab GAOKAO-Bench,https://github.com/OpenLMLab/GAOKAO-Bench,2021,全国,高考真题,unique,valid,pending,,,abc8f889d7c5da13c8b78dc93bc54a80180df04105bc630b824ac5ba262af742
CHIS_000027,GROUP_GAOKAO_BENCH_2021_0027,,"土改后,太行山区某农民要买一头驴,谈好价钱后,他表示要回家和妻子商量,理由是 “我们村上好多人家都立下了新规矩,男的开支一斗米以上要得到女人的同意,女人开支二 升米以上要得到男人的同意”。这件事可以反映出,当时解放区",男尊女卑观念消亡,家庭成员经济地位发生变化,按劳分配得到实施,传统的社会伦理秩序被颠覆,B,verified,OpenLMLab GAOKAO-Bench,https://github.com/OpenLMLab/GAOKAO-Bench,2021,全国,高考真题,unique,valid,pending,,,31f18e7301b266a85ae96cb7577f6e2030fb746e0cc3925fa3d850d5efc07d93
CHIS_000028,GROUP_GAOKAO_BENCH_2021_0028,,"1957年,国家统计局《工人阶级队伍情况的调查报告》中有1950年及其后参加工作的职 工社会出身情况,如表所示,据如表可知 职工社会出身情况表(%) 工人劳动农民转业军人个体劳动者及一般市民学生资本家 上海35.5212.952.69 18.75 16.085.94 天津39.1314.273.27 12.29 19.443.70 陕西26.2627.998.32 8.67 22.950.52 新疆16.1625.4723.1918.18 19.050.23",内地与沿海原有工业基础差距大,西部地区工商业改造不彻底,我国的社会主义工业化基本实现,沿海地区工业发展更为迅速,A,verified,OpenLMLab GAOKAO-Bench,https://github.com/OpenLMLab/GAOKAO-Bench,2021,全国,高考真题,unique,valid,pending,,,0fd07dc26ae7e510689fe95985f69504102d864279251765d782092f96ba2071
CHIS_000029,GROUP_GAOKAO_BENCH_2021_0029,,"16世纪起,英国国王将大量特许状授予从事海外贸易的商人团体,成立特许公司。与此 同时,欧洲许多国家掀起创办海外贸易特许公司的热潮。至18世纪末,特许公司数量已达 数百个。这反映出该时期",资本输出成为海外扩张的主要形式,资本主义世界市场形成,划分势力范围成为列强争霸的焦点,殖民扩张呈现竞争格局,D,verified,OpenLMLab GAOKAO-Bench,https://github.com/OpenLMLab/GAOKAO-Bench,2021,全国,高考真题,unique,valid,pending,,,e86d946d45d14d6e0040f5b33b8af4ff91ed2023f1435a8e92e4bebe9c398d97
CHIS_000030,GROUP_GAOKAO_BENCH_2021_0030,,"18世纪90年代初,法国国民议会取消监禁专制授权令,否定了家长或家族可不经审讯 就将孩子投进监狱的做法;国民议会还规定,由新建立的家事评议庭专司听审父母和20岁 以下子女的争讼,21岁的家庭成员不分男女,不再受父权的管辖控制。上述内容体现了",个人意志即个人权利,个人与国家间的契约关系,男女的政治地位平等,家族利益凌驾于国家利益,B,verified,OpenLMLab GAOKAO-Bench,https://github.com/OpenLMLab/GAOKAO-Bench,2021,全国,高考真题,unique,valid,pending,,,c28e0e8680e04b72777a9cde18454d734a12888626efaa913ce94ce5b2c3419b
CHIS_000031,GROUP_GAOKAO_BENCH_2021_0031,,"青年时代的普朗克曾被告诫,物理学是一门已经完成了的科学,不会再有多大的发展。 1900年,物理学家开尔文也断言,“在已经基本建成的科学大厦中,后物理学家只能做一 些零碎的修补工作。”由此可知在当时",物理学领域的问题已全部解决,物理学对微观世界的思考尚未开 始,经典物理学仍然处于统治地位,量子力学得到物理学界的普遍认 可,C,verified,OpenLMLab GAOKAO-Bench,https://github.com/OpenLMLab/GAOKAO-Bench,2021,全国,高考真题,unique,valid,pending,,,3b258104546cdac8f28b4b213497392a259c35c843861438f5e0d34ddb6a1ed0
CHIS_000032,GROUP_GAOKAO_BENCH_2021_0032,,"20世纪四五十年代,美国纽约画派领衔人物杰克逊·波洛克以将油墨滴洒和倾泼在大块 画布上的创作方法而著称,画作没有任何可识别的主题。美国中央情报局竭力推崇该画派, 并资助其在海外展览,以显示自由、个性的表达。这表明",纽约画派的创作方式受到各国民众欢迎,纽约画派的创作具有浓厚意识形态色彩,美国政府旨在扩大纽约画派的影响力,美国政府借助艺术领域渗透冷战思维,D,verified,OpenLMLab GAOKAO-Bench,https://github.com/OpenLMLab/GAOKAO-Bench,2021,全国,高考真题,unique,valid,pending,,,65ef5eeac0ecad49e9599e17bbe0f2c168944e3f7bc7d9b3c3f0c7f28bd21a5d
CHIS_000033,GROUP_GAOKAO_BENCH_2021_0033,,"老子认为,“失道而后德,失德而后仁,失仁而后义,失义而后礼”。孔子则说,“不学礼,无以立”, 要“非礼勿视,非礼勿听,非礼勿言,非礼勿动”。这反映出,当时他们",反思西周的礼乐文化,迎合封建贵族政治诉求,主张维护夏商周制度,得到统治者的积极支持,A,verified,OpenLMLab GAOKAO-Bench,https://github.com/OpenLMLab/GAOKAO-Bench,2021,全国,高考真题,unique,valid,pending,,,08fa49dc6db3aa771084a1780ce4fe2f870b7b699591a08230e55f49198d5ab2
CHIS_000034,GROUP_GAOKAO_BENCH_2021_0034,,"汉代,中央各部门长官与地方各郡太守自行辟召属官,曾一度出现“名公巨卿,以能致贤才为高;而英 才俊士,以得所依秉为重”的现象。能够保障辟召制度有效运作的是",分科考试选官制建立,监察体系的改进,郡国并行制度的完善,察举制度的实施,B,verified,OpenLMLab GAOKAO-Bench,https://github.com/OpenLMLab/GAOKAO-Bench,2021,全国,高考真题,unique,valid,pending,,,5fc3e7ef5e69a94b612d427f3cc856a4856aac8072fb9408e884196f794c47ef
CHIS_000035,GROUP_GAOKAO_BENCH_2021_0035,,"明代,在浙江桐乡县,地方官员若出身进士,当地的秀才就“不胜谄事”,若出身举人,便随意提出要 求,“苟不如意,便加词色犯之”。这现象反映出",官员士绅之间关系紧张,士人舆论左右地方政事,出身等级决定行政能力,科考功名影响官员威望,D,verified,OpenLMLab GAOKAO-Bench,https://github.com/OpenLMLab/GAOKAO-Bench,2021,全国,高考真题,unique,valid,pending,,,5ba3eb311cc0e2c2c52faf7bef1848256e76308209b1ca5a346290bbd39e4af6
CHIS_000036,GROUP_GAOKAO_BENCH_2021_0036,,"1861年,慈禧发动政变处置政敌时,特别把“不能尽心和议”列为罪状。英国人在华创办的《北华捷报》 称:“在这个特别的关头,我们要比我们同中国发生联系的其他任何时期,更有必要去支持帝国的现存政 府。”由此可知",太平天国将面临更严峻的形势,清政府沦为洋人的朝廷,清廷顽固派势力地位得到加强,传统的外交体制被抛弃,A,verified,OpenLMLab GAOKAO-Bench,https://github.com/OpenLMLab/GAOKAO-Bench,2021,全国,高考真题,unique,valid,pending,,,153978669208d2b65dad27dc5eb92e39a8fc04008519cc11826b4146423b05ca
CHIS_000037,GROUP_GAOKAO_BENCH_2021_0037,,"1921年2月,蔡和森写信给陈独秀,讨论马克思学说与中国无产阶级的关系时称:“西方大工业国的无 产阶级常常受其资本家的贿买、笼络而不自觉......此所以社会革命不发生于资本集中、工业极盛、殖民地 极富之英、美、法,而发生于殖民地极少、工业落后之农业国俄罗斯也。”他意在强调",社会革命不会发生在发达资本主义国家,无产阶级受资本家笼络而失去革命动力,中国已经具备了进行无产阶级革命的客观条件,俄国以城市为中心的革命道路不适合中国国情,C,verified,OpenLMLab GAOKAO-Bench,https://github.com/OpenLMLab/GAOKAO-Bench,2021,全国,高考真题,unique,valid,pending,,,7c6eba1745362fb43f56e69d952ea5532868e807e3d60e9b6480ac4a7d8d50ae
CHIS_000038,GROUP_GAOKAO_BENCH_2021_0038,,"1931年~1934年中国钢铁业情况表单位:吨,根据如表可知,当时 年份铁砂产量铁砂及生铁输出量钢铁消费量钢铁输入量 19311840279831652 804000557625 19321839212758441 404000430655 19331903466992521 694000525673 19342135031864107 770000617726",中国民族工业失去发展空间,民族企业规模日益萎缩,国民政府实业政策无甚成效,中国工业基础薄弱落后,D,verified,OpenLMLab GAOKAO-Bench,https://github.com/OpenLMLab/GAOKAO-Bench,2021,全国,高考真题,unique,valid,pending,,,81328a4f7737ec4e16ff6a77570449b1cede3ab6d467562f3aa3ebcb840db808
CHIS_000039,GROUP_GAOKAO_BENCH_2021_0039,,"1982年12月《人民日报》报道,浙江义乌某供销社在改革后,改变了过去“上面来货多少,下面供应 多少”的状况,主动深入农户了解他们对生产资料的需求情况,采购农民所需物资;许多职工还积极寻找 经营门路,开拓新的市场。出现这一现象是由于",计划与市场的关系得以理顺,经济责任制逐步实行,城市经济体制改革全面展开,现代企业制度的确立,B,verified,OpenLMLab GAOKAO-Bench,https://github.com/OpenLMLab/GAOKAO-Bench,2021,全国,高考真题,unique,valid,pending,,,e1980d7566e207ea09da2d436971bac09f249595cad07e8eb9ef5910a6ac205a
CHIS_000040,GROUP_GAOKAO_BENCH_2021_0040,,"古希腊阿里斯托芬在一部作品中写道,雅典某陪审员对他儿子说:他一到那里,“就有人把盗窃过公款 的温柔的手”递给他,并向他鞠躬:经过这么一恳求,他的火气也就消了,随即进入法庭。这可以用于说 明,在古代雅典",司法审判不能体现民意,民主政治制度已趋于完善,直接民主无法确保正义,公民法注重调解经济纠纷,C,verified,OpenLMLab GAOKAO-Bench,https://github.com/OpenLMLab/GAOKAO-Bench,2021,全国,高考真题,unique,valid,pending,,,76e0e983faee93844bcd119c0a83562b6b62a9bef8dc401c47146adecce44974
CHIS_000041,GROUP_GAOKAO_BENCH_2021_0041,,"1871年,巴黎公社建立后,当时在巴黎的俄国革命者拉甫罗夫说:这次革命“与其他革命迥然不同”, 革命领导者都是“无名的人”“法国最有名望的人物所不敢做和不能做成的事情”,这些普通人却轻而易 举地做成了。据此可知,巴黎公社",建立了稳固的工农联盟,废除了君主专制制度,体现工人政权鲜明特征,深受俄国革命的影响,C,verified,OpenLMLab GAOKAO-Bench,https://github.com/OpenLMLab/GAOKAO-Bench,2021,全国,高考真题,unique,valid,pending,,,c53996a9a1810997294ff0883c044d7cc411cc64196b530c1f59d7e56a71ce68
CHIS_000042,GROUP_GAOKAO_BENCH_2021_0042,,"苏俄国内战争时期,在察里津和卡卢加一带,当地苏维埃政权没有禁止粮食的自由贸易,而是向贩粮者 征税,用于支援战争和救济饥民。这一史实可用来说明,当时苏俄",粮食短缺问题得到解决,自由贸易成为经济活动常态,战时经济措施存在弊端,粮食税已经代替余粮收集制,C,verified,OpenLMLab GAOKAO-Bench,https://github.com/OpenLMLab/GAOKAO-Bench,2021,全国,高考真题,unique,valid,pending,,,d2ab2062d0178cb0ff5ca13902541044c160b7cec159be330b19ae4792b879d7
CHIS_000043,GROUP_GAOKAO_BENCH_2021_0043,,"1930~1931年,纽约市儿童餐厅提供的廉价午餐数量猛增,曾在1917~1918年因战争而畅销的香烟产量再次剧增,许多穿着整洁西装的商贩在街头兜售苹果,也成为城市一景。这反映出,当时美国",经济危机持续加深,社会矛盾趋于缓和,新政取得良好成效,福利制度已经确立,A,verified,OpenLMLab GAOKAO-Bench,https://github.com/OpenLMLab/GAOKAO-Bench,2021,全国,高考真题,unique,valid,pending,,,e97760f33ecf644e2fc5a31737a5b24482c1c15d76e56deddf733dae8f006d46
CHIS_000044,GROUP_GAOKAO_BENCH_2020_0044,,"(4分)据《史记》记载,春秋时期,楚国国君熊通要求提升爵位等级,遭到周桓王拒绝。 熊通怒称现在周边地区都归附了楚国,“而王不加位,我自尊耳”“乃自立,为(楚)武 王”。这表明当时周朝()",礼乐制度不复存在,王位世袭制度消亡,宗法制度开始解体,分封制度受到挑战,D,verified,OpenLMLab GAOKAO-Bench,https://github.com/OpenLMLab/GAOKAO-Bench,2020,全国,高考真题,unique,valid,pending,,,13d6fc7736780021e6e74c53da48b962af30f16a983d7e90c98473d5c417464e
CHIS_000045,GROUP_GAOKAO_BENCH_2020_0045,,"(4分)北宋时,宋真宗派人到福建取得占城稻三万斛,令江淮两浙诸路种植,后扩大到 北方诸路:宋仁宗时,大、小麦被推广到广南东路惠州等地。南宋时,“四川田土,无不 种麦”。这说明宋代()",土地利用效率提高,发明翻车提高了生产力,区域经济发展均衡,民众饮食结构根本改变,A,verified,OpenLMLab GAOKAO-Bench,https://github.com/OpenLMLab/GAOKAO-Bench,2020,全国,高考真题,unique,valid,pending,,,71fd146e86faf727e702d78963c934ec37e41a1c123acdef4e87451c29f65c38
CHIS_000046,GROUP_GAOKAO_BENCH_2020_0046,,"(4分)清代,纂修宗谱成为一种普遍的社会行为,每部宗谱均有族规、家训,其内容主 要包括血缘伦理、持家立业、报效国家等。这表明,宗谱的纂修()",反映了科举制度的导向作用,体现了儒家思想观念,维持了士族家庭的血统纯正,确立了四民社会结构,B,verified,OpenLMLab GAOKAO-Bench,https://github.com/OpenLMLab/GAOKAO-Bench,2020,全国,高考真题,unique,valid,pending,,,743fafa27d3fb03053564a8e9d3ef7ab0a0c5cfa2a2fe3d22deaa94a821ea9c2
CHIS_000047,GROUP_GAOKAO_BENCH_2020_0047,,"(4分)1876年,英国传教士在上海创办的《格致汇编》设有“互相问答”栏目,其中大 多问题是从读者的兴趣、关注点出发的。各类问题所占比例如表所示。 表《格致汇编》“互相问答”栏目各类问题所占比例 应用科学、各种技术 自然常识 基础科学 奇异和其他问题 42.5% 22.8% 17.5% 17.2% 据此可知,当时()",中体西用思想的传播受到了抑制,中外交汇促进维新思想深入发展,西学传播适应了兴办实业的需求,崇尚科学成为了社会的主流思潮,C,verified,OpenLMLab GAOKAO-Bench,https://github.com/OpenLMLab/GAOKAO-Bench,2020,全国,高考真题,unique,valid,pending,,,cd1d3e08ebfbdb9c85dccc2a407400c307f373cbc6e845ac41a13b8ba2216a23
CHIS_000048,GROUP_GAOKAO_BENCH_2020_0048,,"(4分)20世纪20年代,中国度量衡的状况是,“同一秤也,有公秤、私秤、米秤、油秤 之分别”“同一天平也,有库平、漕平、湘平、关平之分别”“同一尺也,有海关尺、营 造尺、裁衣尺、鲁班尺及京放、海放之分别”。这一状况()",提高了市场交易的成本,加剧了军阀林立的局面,造成国民经济结构失衡,阻断了商品的大量流通,A,verified,OpenLMLab GAOKAO-Bench,https://github.com/OpenLMLab/GAOKAO-Bench,2020,全国,高考真题,unique,valid,pending,,,ad89b71d67eae5e567abb73f218624a965142e4a2ae6314379caca3c84bfed05
CHIS_000049,GROUP_GAOKAO_BENCH_2020_0049,,"(4分)1949年5月,中共中央发出指示:“只强调和资本家斗争,而不强调联合愿意和 我们合作的资本家......这是一种实际上立即消灭资产阶级的倾向”“和党的方针政策是在 根本上相违反的”。这指示有利于当时()",在经济领域实行公私合营,接管城市后生产的恢复发展,确立国营经济的主导地位,对新民主主义政策进行调整,B,verified,OpenLMLab GAOKAO-Bench,https://github.com/OpenLMLab/GAOKAO-Bench,2020,全国,高考真题,unique,valid,pending,,,c5f9a9646713b749b88c907986cc43421c3ea0af44e15dfcfab24265d704e925
CHIS_000050,GROUP_GAOKAO_BENCH_2020_0050,,"(4分)1983年,安徽某濒临倒闭的国营制药厂被8个年轻人承包,实行有奖有罚的经济 责任制,9个月就盈利12万元。后来安徽省委、省政府从中得到启示,下发通知明确提 出,小型国营企业也可以实行承包经营。由此可以看出()",市场经济体制在全国逐步建立,政企职责不分弊端得到解决,经济所有制结构开始发生变化,企业的经营自主权逐渐扩大,D,verified,OpenLMLab GAOKAO-Bench,https://github.com/OpenLMLab/GAOKAO-Bench,2020,全国,高考真题,unique,valid,pending,,,df32832fd10e7b37221fc41c14bc5cbbae8a761ab3b12c16111f1539efa52594
CHIS_000051,GROUP_GAOKAO_BENCH_2020_0051,,"(4分)雅典城邦通过抽签产生的公民陪审团规模很大,代表不同的公民阶层,负责解释 法律、认定事实、审理案件等。而在罗马,通常由专业法官和法学家进行司法解释。由 此可见,在雅典城邦的司法实践中()",职业法官拥有审判权,负责司法解释的主体与罗马相同,公民直接行使司法权,公民陪审团维护所有人的法律权益,C,verified,OpenLMLab GAOKAO-Bench,https://github.com/OpenLMLab/GAOKAO-Bench,2020,全国,高考真题,unique,valid,pending,,,bd11d905908e81f31e2bec2e8d7cafded922f9a531512baf5167e926414109da
CHIS_000052,GROUP_GAOKAO_BENCH_2020_0052,,"(4分)16世纪的思想家蒙田从教育要培养“完全的绅士”理念出发,强调要注重培养 身心和谐发展的“完整的人”,即不仅体魄强健、知识渊博,而且具有良好的判断力和爱 国、坚韧、勇敢、关心公益等优秀品质。蒙田的教育主张()",体现了文艺复兴思想对人的认识,推动了资产阶级革命的高涨,反映了启蒙运动生而平等的理念,摆脱了宗教观念的长期束缚,A,verified,OpenLMLab GAOKAO-Bench,https://github.com/OpenLMLab/GAOKAO-Bench,2020,全国,高考真题,unique,valid,pending,,,498c1ce96ac2b5f479d450e6d9d7d3680dc95c1460559b29e2622bf03c52568e
CHIS_000053,GROUP_GAOKAO_BENCH_2020_0053,,"(4分)有人描写19世纪六七十年代的巴黎:人们在巴黎内部建立了两座截然不同、彼 此敌对的城市,一座是“奢靡之城”,另一座是“悲惨之城”,前者被后者包围。当时“悲 惨之城”的形成,主要是因为()",波旁王朝的苛政,资产阶级的贪婪,贸易中心的转移,教会统治的腐朽,B,verified,OpenLMLab GAOKAO-Bench,https://github.com/OpenLMLab/GAOKAO-Bench,2020,全国,高考真题,unique,valid,pending,,,7b1bcff443857afee05bbf15d03185e2af506a17bbf27688d7a40cde7ec5e368
CHIS_000054,GROUP_GAOKAO_BENCH_2020_0054,,"(4分)1992年,墨西哥签订《北美自由贸易协定》以后,又制定了一系列负面清单, 如规定外资占商业银行的投资比例不得高于普通股本的30%,外资不得经营内陆港口、 海运及空港等。这些规定旨在()",发展国家特色产业,改善对外贸易的机制和环境,保障国家经济安全,巩固区域经济集团化的成果,C,verified,OpenLMLab GAOKAO-Bench,https://github.com/OpenLMLab/GAOKAO-Bench,2020,全国,高考真题,unique,valid,pending,,,c0709c27b6800ea22fad255752e7794e70b11665153400dc75bf7f93f4a28ff0
CHIS_000055,GROUP_GAOKAO_BENCH_2020_0055,,"(4分)据史书记载,角抵(摔跤)“盖杂技乐也,巴俞(渝)戏、鱼龙蔓延(百戏节目)之属也”。秦二世曾 在宫中欣赏。汉武帝在长安举行了两次大规模的角抵表演,长安百姓“三百里内皆观”,他也曾用角抵表演欢 迎来长安的西域人。据此可知,当时角抵()",促进了川剧艺术的发展,拥有广泛的社会影响,推动了丝路文化的交流,源于民间的劳作技能,B,verified,OpenLMLab GAOKAO-Bench,https://github.com/OpenLMLab/GAOKAO-Bench,2020,全国,高考真题,unique,valid,pending,,,3b3b0d7d8862dd3e9832cea25750ea194f623ff1b6c8bad7a84143d257037f74
CHIS_000056,GROUP_GAOKAO_BENCH_2020_0056,,"(4分)宋太祖开宝六年(973年)省试后,主考官李昉徇私录取“材质最陋”的同乡武济川一事被告发,太 祖在讲武殿出题重试,殿试遂成常制。经此事后,宋代科举()",否定了世家大族特权,确立了省试考试权威,完善了考试录取程序,提高了人才选拔标准,C,verified,OpenLMLab GAOKAO-Bench,https://github.com/OpenLMLab/GAOKAO-Bench,2020,全国,高考真题,unique,valid,pending,,,100f564375911747626123204a33feac3d1572723106612a90ae3138131df175
CHIS_000057,GROUP_GAOKAO_BENCH_2020_0057,,"(4分)明代官营手工业实行工匠制度,生产官府所需物资。明中叶后,官府往往直接向匠户征收银两而不征 用其生产的产品,此现象持续增多。这反映了()",白银已取代其他货币,雇佣劳动成为主要用工方式,民营手工业发展受挫,官营手工业的地位遭到削弱,D,verified,OpenLMLab GAOKAO-Bench,https://github.com/OpenLMLab/GAOKAO-Bench,2020,全国,高考真题,unique,valid,pending,,,03b27d22df94cd59793283637d0c0281670b93176f4c2173e752333aa40a0f7e
CHIS_000058,GROUP_GAOKAO_BENCH_2020_0058,,"(4分)中国共产党的一份告全党党员书指出:“国民党中央驱逐军队中的共产党党员,我们的党不得不秘密 起来......这所谓国民政府是什么?他从革命的政权机关变成了资产阶级之反动的执行机关,变成了军阀的工 具。”由此,中国共产党()",阐明工农武装割据的必要性,确定武装反抗国民党统治的方针,批判“左”倾错误的危害性,动员工农红军进行战略性的转移,B,verified,OpenLMLab GAOKAO-Bench,https://github.com/OpenLMLab/GAOKAO-Bench,2020,全国,高考真题,unique,valid,pending,,,f032e7db91cba67359952cae004d4b25ec9a5f15a1182c129674afc4f7d6b240
CHIS_000059,GROUP_GAOKAO_BENCH_2020_0059,,"(4分)1937年,陕甘宁边区组织民主普选,参选率达70%,其中延长等4个县当选县参议员中各阶层所占比 例如表所示。 表延长等4县县参议员各阶层所占比例 单位:% 工人 贫农 中农 富农 商人 知识分子 地主 4 65 25 1 1 2 2 表反映出当时边区()",新民主主义理论在实践中推广,抗日民主政权的性质根本改变,各阶层参加的联合政府的建立,抗日民族统一战线得到了落实,D,verified,OpenLMLab GAOKAO-Bench,https://github.com/OpenLMLab/GAOKAO-Bench,2020,全国,高考真题,unique,valid,pending,,,1c7609a9ddc4d8b7498095abd336d46129ad6b6b0d7da466805a9f6ffd972d30
CHIS_000060,GROUP_GAOKAO_BENCH_2020_0060,,"(4分)1978年底,中央工作会议上印发了《战后日本、西德、法国经济是怎样迅速发展起来的》以及新加坡、 韩国等经济发展情况的材料,主要是为了讨论()",增强国营企业活力,积极利用外资和先进技术,建立市场经济体制,调整优先发展重工业战略,B,verified,OpenLMLab GAOKAO-Bench,https://github.com/OpenLMLab/GAOKAO-Bench,2020,全国,高考真题,unique,valid,pending,,,97006be34275009dd5dec27f4e6a99763f2d42416b430b7a56c7c888c8eeb3ba
CHIS_000061,GROUP_GAOKAO_BENCH_2020_0061,,"(4分)有学者认为:“在政体形式这个关键问题上,只有完全的一致,或者多数派强大到近乎全体一致的程 度,即使那些不完全赞同的人也必须尊重这种政体,才能让政治激情不至于造成流血,同时让国家所有权威 部门受到人们充分而自如地平和批评。”这一论述可以用于说明()",雅典民主政治,僭主政治,罗马共和政体,寡头政治,A,verified,OpenLMLab GAOKAO-Bench,https://github.com/OpenLMLab/GAOKAO-Bench,2020,全国,高考真题,unique,valid,pending,,,e401b7b87c9e117b21a8dd04081dfa77117bededaf0d82333dac3226eb78fd18
CHIS_000062,GROUP_GAOKAO_BENCH_2020_0062,,"(4分)15世纪中叶,西尔维乌斯在《论自由教育》一文中,强调培养身心俱健的人,要求通过体育、军事 训练与合理饮食来强健身体,通过文学、哲学和文艺的学习来丰富精神世界,使人拥有信仰、美德、知识和 智慧。这一主张()",丰富了人文主义的教育思想,重申了启蒙运动的思想内容,强调信仰对教育的决定作用,奠定了宗教改革的理论基础,A,verified,OpenLMLab GAOKAO-Bench,https://github.com/OpenLMLab/GAOKAO-Bench,2020,全国,高考真题,unique,valid,pending,,,c6d12c71640b363899ecd6588c12b86114a00624859b07fa3428fa4abda6dbdf
CHIS_000063,GROUP_GAOKAO_BENCH_2020_0063,,"(4分)19世纪末,德皇威廉一世去世,威廉二世继任,支持俾斯麦的政党联盟在帝国议会选举中失败,与 威廉二世意见相左的俾斯麦辞职。这一系列事件表明德国()",议会加强对政府的监督,皇帝个人权力强大,对外政策发生根本变化,分权制衡体制成熟,B,verified,OpenLMLab GAOKAO-Bench,https://github.com/OpenLMLab/GAOKAO-Bench,2020,全国,高考真题,unique,valid,pending,,,d704c81998db27547b91703d5e9126749015f093de1f6f3934e3ec6b6e17577c
CHIS_000064,GROUP_GAOKAO_BENCH_2020_0064,,"(4分)1958年,美苏签订“文化、技术和教育领域的交流协议”。两国展开了一系列文化往来,赴美的苏联 学者90%为科学家、工程师,而赴苏联的美国学者90%是人文社会科学领域的专家。这表明()",美国旨在缓和与苏联的紧张关系,经济全球化的进程进一步加快,冷战格局下美苏交流与对抗并存,苏联旨在对美国输出先进科技,C,verified,OpenLMLab GAOKAO-Bench,https://github.com/OpenLMLab/GAOKAO-Bench,2020,全国,高考真题,unique,valid,pending,,,deb8aa91cd27f6e74e415eccc09e4b6419c32b45633e850b04615b30033ec049
CHIS_000065,GROUP_GAOKAO_BENCH_2020_0065,,"(4分)东汉末年,曹操在许下和各地置田官,大力发展屯田,以解决军粮供应、田亩荒 芜和流民问题。“数年中所在积粟,仓廪皆满。”曹操实行屯田,客观上()",助长了大土地所有制,推动了农业商品化进程,促进了中原人口南迁,缓和了社会的主要矛盾,D,verified,OpenLMLab GAOKAO-Bench,https://github.com/OpenLMLab/GAOKAO-Bench,2020,全国,高考真题,unique,valid,pending,,,2071b0a6bb77336840e615d121f83bd858c17bd6fa400e23c4b723f4fe91d9a5
CHIS_000066,GROUP_GAOKAO_BENCH_2020_0066,,"(4分)唐代书法家张旭曾说:“始吾闻公主与担夫争路,而得笔法之意。后见公孙氏舞 剑器,而得其神。”据此可知,张旭书法呈现出()",书写结构的严整性,书写气象的灵动性,书写笔画的繁杂性,书写技法的内敛性,B,verified,OpenLMLab GAOKAO-Bench,https://github.com/OpenLMLab/GAOKAO-Bench,2020,全国,高考真题,unique,valid,pending,,,31b707195d4f0c86c0e4b74cdf8e4550dc7614b129776b740b91f0d66c174060
CHIS_000067,GROUP_GAOKAO_BENCH_2020_0067,,"(4分)明万历年间,神宗下令工部铸钱供内府用,内阁首辅张居正“以利不胜费止之”。 神宗向户部索求十万金,张居正面谏力争,“得停发太仓银十万两”。这反映出当时()",内阁权势强大,皇权受到严重制约,社会经济凋敝,君权相权关系紧张,A,verified,OpenLMLab GAOKAO-Bench,https://github.com/OpenLMLab/GAOKAO-Bench,2020,全国,高考真题,unique,valid,pending,,,de93dbb7d44cfa85557914cfe1f1f9112a1f9126da1c33668fcc596ba71801ee
CHIS_000068,GROUP_GAOKAO_BENCH_2020_0068,,"(4分)面对外商轮船航运势力进一步扩展,李鸿章认为:“各口岸轮船生意已被洋商占 尽,华商领官船另树一帜,洋人势必挟重资以侵夺”,因此“须华商自立公司,自建行栈, 自筹保险”。这表明()",商战成为对外交往中心,清政府鼓励民间投资设厂,求富以自强方针的改变,洋务派准备创办民用企业,D,verified,OpenLMLab GAOKAO-Bench,https://github.com/OpenLMLab/GAOKAO-Bench,2020,全国,高考真题,unique,valid,pending,,,fa60f97a6d1470d508832ad243d80bd92307e4f75db59f029bba6308ca94b8ae
CHIS_000069,GROUP_GAOKAO_BENCH_2020_0069,,"(4分)清帝退位诏书稿由南京临时政府拟订,袁世凯收到后擅自在诏书稿上加入“由袁 世凯以全权组织临时共和政府”等内容发表。孙中山表示反对,致电袁世凯强调:“共和 政府不能由清帝委任组织。”他们分歧的实质体现在()",是否赞同共和体制,政府组建的主导权,是否进行社会革命,临时大总统的人选,B,verified,OpenLMLab GAOKAO-Bench,https://github.com/OpenLMLab/GAOKAO-Bench,2020,全国,高考真题,unique,valid,pending,,,0fe67aaa3bdf9122ff2b59c3ab9c6d7434cc13f7120a835a18c0f15af44502d7
CHIS_000070,GROUP_GAOKAO_BENCH_2020_0070,,"(4分)1940年代中后期,中国许多工矿企业尽管账面上获得利润,但难以维持再生产, 故“很多工厂把囤积原料作为主业,反以生产作为副业”。这说明,当时()",商业的繁荣带动了工业生产,抗日战争的胜利推动生产恢复,国统区的经济秩序遭到破坏,国民党军阀混战扰乱经济发展,C,verified,OpenLMLab GAOKAO-Bench,https://github.com/OpenLMLab/GAOKAO-Bench,2020,全国,高考真题,unique,valid,pending,,,b4abecc5545a296acd57efa4ceef4cbfbf1d41496bf82ca6a2690d4adf2fda8c
CHIS_000071,GROUP_GAOKAO_BENCH_2020_0071,,"(4分)1983年,北京四个最大的百货商场与北京市第一商业局签订合同,规定:超额完 成利润承包额的,超额部分国家与商场对半分成;完不成利润承包额的,差额部分由企 业利润留成和浮动工资弥补。这反映出()",企业活力逐步得到增强,国企改革全面展开,市场经济体制目标确立,现代企业制度建立,A,verified,OpenLMLab GAOKAO-Bench,https://github.com/OpenLMLab/GAOKAO-Bench,2020,全国,高考真题,unique,valid,pending,,,f11fecc9844bce80aecfceb03ea9d2ad5f5f2c8cf2edea960834eee03839af9a
CHIS_000072,GROUP_GAOKAO_BENCH_2020_0072,,"(4分)1549~1560年,约4776名法国逃难者进入加尔文派控制下的日内瓦,其中1536 人是工匠。他们将技术和资金由奢侈品行业投入普通的钟表业,日内瓦逐步发展成为世 界钟表业的摇篮。这反映出,当时()",人文主义传播缓和了社会矛盾,经济发展不平衡促进技术转移,工匠精神决定了城市生活面貌,宗教改革助推日内瓦经济发展,D,verified,OpenLMLab GAOKAO-Bench,https://github.com/OpenLMLab/GAOKAO-Bench,2020,全国,高考真题,unique,valid,pending,,,da074c495af0a9ada75a31701d4bb5a557f8bcf38e5994eaaa93118ed6915673
CHIS_000073,GROUP_GAOKAO_BENCH_2020_0073,,"(4分)美国建国初期,制宪会议的参加者麦迪逊认为,新宪法授予联邦政府的权力很 少,并有明确的规定;各州所保留的权力很多,却没有明确规定。在第一届国会上,麦 迪逊提出宪法修正案:除了明确授予中央政府的权力以外,其余的权力由各州自行保留。 这一主张()",赋予各州主权,恢复邦联制度,体现了分权与制衡原则,旨在扩大联邦政府权力,C,verified,OpenLMLab GAOKAO-Bench,https://github.com/OpenLMLab/GAOKAO-Bench,2020,全国,高考真题,unique,valid,pending,,,242288c27a0c2bd0667bf139aa82291dd6906d6eae3f2875bae940157ac58335
CHIS_000074,GROUP_GAOKAO_BENCH_2020_0074,,"(4分)1964年,主要由亚非拉国家组成的七十七国集团成立。在1975~2006年联合国 决议中,围绕着裁军和国际安全议题,七十七国集团成员的意见基本一致。这种状况 ()",确立了世界多极化的格局,维护了发展中国家的共同利益,遏制了战后全世界范围内的军备竞赛,改变了发达国家主导国际政治的局面,B,verified,OpenLMLab GAOKAO-Bench,https://github.com/OpenLMLab/GAOKAO-Bench,2020,全国,高考真题,unique,valid,pending,,,6b8702042ec0387fffc82b580697145d3f628c550e932d238ccf1519133b97b5
CHIS_000075,GROUP_GAOKAO_BENCH_2019_0075,,"(4分)据学者考订,商朝产生了17代30位王,多为兄终弟及;而西周产生了11代12 位王。这反映出()",禅让制度的长期影响,王位继承方式的变化,君主寿命的时代差异,血缘纽带关系的弱化,B,verified,OpenLMLab GAOKAO-Bench,https://github.com/OpenLMLab/GAOKAO-Bench,2019,全国,高考真题,unique,valid,pending,,,95998c4a03bb61db107bacd2c3c7e6ab46653745d8d313d2a44c43807912ec29
CHIS_000076,GROUP_GAOKAO_BENCH_2019_0076,,"(4分)汉武帝时,朝廷制作出许多一尺见方的白鹿皮,称为“皮币”,定价为40万钱一 张。诸侯王参加献礼时,必须购皮币用来置放礼物,而当时一个“千户侯”一年的租税 收入约为20万钱。朝廷这种做法()",加强了货币管理,确立了思想上的统一,削弱了诸侯实力,实现了对地方的控制,C,verified,OpenLMLab GAOKAO-Bench,https://github.com/OpenLMLab/GAOKAO-Bench,2019,全国,高考真题,unique,valid,pending,,,b7b1013ba4cd2e0042106de793f3f1aa519d8802ca62ffd0d18c99b570daba0f
CHIS_000077,GROUP_GAOKAO_BENCH_2019_0077,,"(4分)唐代之前,荆楚民间存在一种祈求丰收的“牵钩之戏”,至唐代称作“拔河”,广 为流传。唐玄宗《观拔河俗戏》诗云:“壮徒恒贾勇,拔拒抵长河。欲练英雄志,须明胜 负多......预期年岁稔,先此乐时和。”据此可知,在唐代()",江南文化成为主流,耕战结合观念深入人心,阳刚与力量受到推崇,诗歌以描写宫廷生活为主,C,verified,OpenLMLab GAOKAO-Bench,https://github.com/OpenLMLab/GAOKAO-Bench,2019,全国,高考真题,unique,valid,pending,,,425a6ba2a72cc318242bde6b95d089bcf5c34d0b4ba4f656a907acc51ab48f61
CHIS_000078,GROUP_GAOKAO_BENCH_2019_0078,,"(4分)明中后期,大运河流经的东昌府是山东最重要的棉花产区,所产棉花多由江淮商 人坐地收揽,沿运河运至江南,而后返销棉布。这一现象产生的主要因素是()",交通方式的变革,土地制度的调整,货币制度的改变,地区经济的差异,D,verified,OpenLMLab GAOKAO-Bench,https://github.com/OpenLMLab/GAOKAO-Bench,2019,全国,高考真题,unique,valid,pending,,,ef648a3d35829a11080b7b81b6edbf61d1c7ebbb4708cc4bd06912744d29b053
CHIS_000079,GROUP_GAOKAO_BENCH_2019_0079,,"(4分)表 川沙县部分名人简历表 黄彬 国学生,干练有才,上海招商局创办时,章程皆其手订。 朱纯祖 监生,幼时孤苦伶仃,学习米业,中年创设朱丽记花米行。 姚光第 南邑生员,感于地方贫瘠日甚,就其家设机器轧棉厂。 如表是19世纪末20世纪初毗邻上海的川沙县部分名人的简历,说明当时国内()",科举取士转向选拔实务人才,传统社会结构受到冲击,儒家的义利观念被抛弃,新式工业在经济中居于主导,B,verified,OpenLMLab GAOKAO-Bench,https://github.com/OpenLMLab/GAOKAO-Bench,2019,全国,高考真题,unique,valid,pending,,,67fe47da96c6d54dbff32f4bfea0f763bd192549b8b924d29434018ddd340073
CHIS_000080,GROUP_GAOKAO_BENCH_2019_0080,,"(4分)1915~1918年,《新青年》中“革命”“科学”“平等”“民主”等词出现频次大体 相当;1919~1922年,“民主”出现次数不到“科学”的1/10,不及“革命”的1/20.这 种变化可说明()",新文化运动主流思想发生转变,国民革命运动受到民众普遍拥护,资本主义政体模式被知识界否定,中国社会主要矛盾发生改变,A,verified,OpenLMLab GAOKAO-Bench,https://github.com/OpenLMLab/GAOKAO-Bench,2019,全国,高考真题,unique,valid,pending,,,beea040e36724a77858f82002c93e591fcb8a297c4a3f1d0c4da705355a9c5a8
CHIS_000081,GROUP_GAOKAO_BENCH_2019_0081,,"(4分)1940年,毛泽东在一篇文章中指出,中国是一个半殖民地半封建社会,资产阶级 还具有一定的革命性,这是中国与俄国的不同之点,在俄国“无产阶级的任务,是反对 资产阶级,而不是联合它”。毛泽东的分析意在()",借鉴俄国革命的经验,扩大中国共产党的阶级基础,阐释中国革命的性质,批判右倾错误的危害,C,verified,OpenLMLab GAOKAO-Bench,https://github.com/OpenLMLab/GAOKAO-Bench,2019,全国,高考真题,unique,valid,pending,,,7bc6894dc2601df3bbe4f7b291c30b6ab9cde90d3af511f84d61faf43285e48e
CHIS_000082,GROUP_GAOKAO_BENCH_2019_0082,,"(4分)在古代雅典城邦,陪审法庭几乎可以审查当时政治生活中的所有问题,甚至包括 公民大会和议事会通过的法令,并进行最终判决。这说明()",法律服从民众意愿,判决体现权力来源,全体公民参与政治,法律面前人人平等,B,verified,OpenLMLab GAOKAO-Bench,https://github.com/OpenLMLab/GAOKAO-Bench,2019,全国,高考真题,unique,valid,pending,,,e1ac7acca448fc82ec63420862370e21c7d8f4f4bf64f8af4112b7373b66c164
CHIS_000083,GROUP_GAOKAO_BENCH_2019_0083,,"(4分)有研究认为,美国独立后不到半个世纪,拉丁美洲经过独立战争,推翻了殖民统治,但拉美国家并没有像近邻美国那样独立后进入现代化的快车道,而是发展停滞, 究其原因,殖民统治难辞其咎。“难辞其咎”主要是指殖民者在拉丁美洲()",奴役掠夺土著居民,建立的殖民统治最早,进行了大量的移民,移植了本国生产方式,D,verified,OpenLMLab GAOKAO-Bench,https://github.com/OpenLMLab/GAOKAO-Bench,2019,全国,高考真题,unique,valid,pending,,,7aa0aa158b04ce0cd73d8170867dc2b18150f9bbe9887cac8d7391e7cdab6a14
CHIS_000084,GROUP_GAOKAO_BENCH_2019_0084,,"(4分)工业革命前,英国矿井里使用蒸汽唧筒抽水。1765年,修理过唧筒的瓦特发明 了一种单动式蒸汽机,后在工厂主的合作和资助下,终于改进制成“万能蒸汽机”,并广 泛使用到工业领域。该过程表明,第一次工业革命期间生产领域的主要发明创造()",源自于劳动实践,依赖于科学理论的突破,取决于资金保障,得益于各阶层广泛参与,A,verified,OpenLMLab GAOKAO-Bench,https://github.com/OpenLMLab/GAOKAO-Bench,2019,全国,高考真题,unique,valid,pending,,,8498a072b8995553f17d61bc2e4749c70abeff4953f384539974c9fa7af206aa
CHIS_000085,GROUP_GAOKAO_BENCH_2019_0085,,"(4分)第一次世界大战期间,一些青年艺术家在瑞士组成艺术群体“达达派”。他们用 纸片、抹布、电车票、火柴盒等进行创作,甚至把瓷质的小便器命名为“喷泉”搬上展 览会。这类作品()",抒发了浪漫情怀,遵循了写实原则,突出了理性思维,表达了幻灭反叛,D,verified,OpenLMLab GAOKAO-Bench,https://github.com/OpenLMLab/GAOKAO-Bench,2019,全国,高考真题,unique,valid,pending,,,81a2ef7868ee4b670ec8eb4ddc333108f6cdacb48adcfdfef70714e8e2759583
CHIS_000086,GROUP_GAOKAO_BENCH_2019_0086,,"(4分)战国后期,秦国建造了一批大型水利工程,如郑国渠、都江堰等,一些至今仍在 发挥作用。这些工程能够在秦国完成,主要是因为()",公田制度逐渐完善,铁制生产工具普及,交通运输网络通畅,国家组织能力强大,D,verified,OpenLMLab GAOKAO-Bench,https://github.com/OpenLMLab/GAOKAO-Bench,2019,全国,高考真题,unique,valid,pending,,,4683ce902541c85767b5057a0573eac8a027aec32991453cb043e4d6a8c1ff4a
CHIS_000087,GROUP_GAOKAO_BENCH_2019_0087,,"(4分)西汉初期,道家学说兼采阴阳、儒、墨、名、法各家学说的精髓;后来董仲舒的 儒家学说也吸收阴阳五行、法、道等各种思想。促成当时学术思想上呈现这种特征的主 要因素是()",王国势力强大,百家争鸣局面的延续,现实统治需要,兼收并蓄的文化政策,C,verified,OpenLMLab GAOKAO-Bench,https://github.com/OpenLMLab/GAOKAO-Bench,2019,全国,高考真题,unique,valid,pending,,,2a46ab63ac3fc4e99786a85b8c5ab5007a33440b0c5dd7ad411eecb34451c959
CHIS_000088,GROUP_GAOKAO_BENCH_2019_0088,,"(4分)程颢诗云:“闲来无事不从容,睡觉东窗日已红。万物静观皆自得,四时佳兴与 人同。道通天地有形外,思入风云变态中,富贵不淫贫贱乐,男儿到此是豪雄。”其体现 的主旨是()",人类与自然和谐共处,人与万事万物皆同理,张扬自我的人生态度,无为而治的思想理念,B,verified,OpenLMLab GAOKAO-Bench,https://github.com/OpenLMLab/GAOKAO-Bench,2019,全国,高考真题,unique,valid,pending,,,dc7dc742121b178942e6e7fe66efe580cae47948626a3b97d2cb4a02f425b09b
CHIS_000089,GROUP_GAOKAO_BENCH_2019_0089,,"(4分)研究表明,明代大商人的资本一般为白银数十万两,多者上百万两。到清代中期, 大商人的资本一般在一百万两以上,甚至多达千万两。这表明清代中期()",商人的地位发生根本性改变,重农抑商政策明显松弛,商业活动的规模进一步扩大,白银开始成为流通货币,C,verified,OpenLMLab GAOKAO-Bench,https://github.com/OpenLMLab/GAOKAO-Bench,2019,全国,高考真题,unique,valid,pending,,,0669984683bf4dc56f12ae96586b918c06b50be43813f8215f99453ce06a50a4
CHIS_000090,GROUP_GAOKAO_BENCH_2019_0090,,"(4分)1898年,一份英文报纸报道:光绪皇帝已经遇害,“太后现在正维持着光绪名义 上统治的滑稽剧,一到适当的时候,便公开宣布他的死讯”。这则报道可以用来说明当时 ()",君主立宪受到社会的广泛支持,清政府加强排外活动力度,列强寻找干涉中国内政的借口,部分西方人赞同变法活动,D,verified,OpenLMLab GAOKAO-Bench,https://github.com/OpenLMLab/GAOKAO-Bench,2019,全国,高考真题,unique,valid,pending,,,2745b4cac2e15ff84c5b37f71ec351e96c73450fcc5eefbb46bf56cc3694cb45
CHIS_000091,GROUP_GAOKAO_BENCH_2019_0091,,"(4分)1948年10月底,中共中央要求各地通过党校、军校以及其他方式,对干部进行 培训,在条件可能的情况下开办正规大学,尽快使干部熟悉政治、经济、文化各方面的 管理和技术。这一做法的目的是()",推动土地改革进一步深入,为工作重心的转移做准备,重视科学和文化以推进工业化建设,提高执政能力以发展社会主义生产,B,verified,OpenLMLab GAOKAO-Bench,https://github.com/OpenLMLab/GAOKAO-Bench,2019,全国,高考真题,unique,valid,pending,,,552b9aecb52c52fdb0db214e4ac78b381a60b92f04c7c13c40245e52065bb55e
CHIS_000092,GROUP_GAOKAO_BENCH_2019_0092,,"(4分)1979~1981年,中国减少粮食播种面积5000万亩,有计划地扩大了经济作物的 种植面积,在有条件的地方还开始逐步退耕还林还牧,鼓励农村在经济合理原则下举办 社队企业,这些政策()",推动了农村经济结构的调整,加快了私营企业发展,完善了家庭联产承包责任制,健全了市场经济体制,A,verified,OpenLMLab GAOKAO-Bench,https://github.com/OpenLMLab/GAOKAO-Bench,2019,全国,高考真题,unique,valid,pending,,,5edd0827248080a470850891023262fd7c1067a82b34ee105888dfbc797d2fec
CHIS_000093,GROUP_GAOKAO_BENCH_2019_0093,,"(4分)法国史学家索布尔认为,从某种角度而言,法国大革命大大超过了以往的历次 革命,包括英国革命和美国革命。可以用来说明这一观点的是,在启蒙思想的指导下, 法国大革命()",创建了民主共和政体,以暴力为革命主要方式,根除了专制复辟危险,以社会平等为首要目标,D,verified,OpenLMLab GAOKAO-Bench,https://github.com/OpenLMLab/GAOKAO-Bench,2019,全国,高考真题,unique,valid,pending,,,0d0fbe716d551519092bc7c4388a716aef7d31ee675345901352dc90b64df37b
CHIS_000094,GROUP_GAOKAO_BENCH_2019_0094,,(4分)表 苏联1970年计划完成情况 (单位:吨) 类别 1961年对1970年的预测或计划任务 1970年实际产量 钢 1.45亿 1.15亿 煤 3.9亿 3.35亿 肉 2500万 1230万 蔬菜与瓜类 4700万 1300万 上表可以说明当时苏联(),经济发展的问题积重难返,经济政策保持了连续性,经济改革的重点转向农业,社会生活需求发生变化,A,verified,OpenLMLab GAOKAO-Bench,https://github.com/OpenLMLab/GAOKAO-Bench,2019,全国,高考真题,unique,valid,pending,,,9bba5973aa92cb612e06f47c87fa78ca049d0b561436c6e71ae22cd8c3bbca38
CHIS_000095,GROUP_GAOKAO_BENCH_2019_0095,,"(4分)“教民亲爱,莫善于孝;教民礼顺,莫善于悌;移风易俗,莫善于乐;安上治民, 莫善于礼。”这一思想产生的制度渊源是()",宗法制,禅让制,郡县制,察举制,A,verified,OpenLMLab GAOKAO-Bench,https://github.com/OpenLMLab/GAOKAO-Bench,2019,全国,高考真题,unique,valid,pending,,,9e56b4eadb6120beeecd1e677d01ecf0b7a8fb4b049b9861c4f44645025b552e
CHIS_000096,GROUP_GAOKAO_BENCH_2019_0096,,"(4分)在今新疆和甘肃地区保存的佛教早期造像很多衣衫单薄,甚至裸身,面部表情生 动;时代较晚的洛阳龙门石窟中,造像大都表情庄严,服饰亦趋整齐。引起这一变化的 主要因素是()",经济发展水平,绘画技术进步,政治权力干预,儒家思想影响,D,verified,OpenLMLab GAOKAO-Bench,https://github.com/OpenLMLab/GAOKAO-Bench,2019,全国,高考真题,unique,valid,pending,,,67655e3ea59cddd22bcf9cd7959a3545337f80a4cc4e216f94a899e96b76be6d
CHIS_000097,GROUP_GAOKAO_BENCH_2019_0097,,"(4分)北宋实行募兵制,兵士待遇较为优厚,应募者以此养家糊口,兵员最多时达120 多万人。这一制度()",加重了政府财政负担,提升了军队的战斗力,弱化了对地方的控制,加剧了社会贫富分化,A,verified,OpenLMLab GAOKAO-Bench,https://github.com/OpenLMLab/GAOKAO-Bench,2019,全国,高考真题,unique,valid,pending,,,8fad9dd4ed9f3966ce35a67b4b42a1f327196f20ad9b34c41a86040302ececd6
CHIS_000098,GROUP_GAOKAO_BENCH_2019_0098,,"(4分)乾隆时江南地主“所居在城或他州异县,地亩山场皆委之佃户”。苏州甚至出现 “土著安业者田不满百亩,余皆佃农也。上田半归于郡城之富户”。由此可知,当时江南 ()",土地所有权变更极为频繁,农业生产利润微不足道,个体农耕为主要生产形式,农业中商品化生产普遍,C,verified,OpenLMLab GAOKAO-Bench,https://github.com/OpenLMLab/GAOKAO-Bench,2019,全国,高考真题,unique,valid,pending,,,fd8fbfe90bd637ef49d07db86b082262656d6dfad635a26962954c766e46b4cd
CHIS_000099,GROUP_GAOKAO_BENCH_2019_0099,,"(4分)19世纪六七十年代,外国人将自己的名字租借给中国人经办新式企业的做法,在 通商口岸较为盛行。这一做法()",导致民间设厂高潮局面的出现,有利于中国新的社会阶层发展,加剧了外国资本对中国的输入,扭转了中国对外贸易入超局面,B,verified,OpenLMLab GAOKAO-Bench,https://github.com/OpenLMLab/GAOKAO-Bench,2019,全国,高考真题,unique,valid,pending,,,af3faf0d7bea1a4a79f63a08fcee61b92fb5c7379f5ac12872ff032e7c8d0179
CHIS_000100,GROUP_GAOKAO_BENCH_2019_0100,,"(4分)1916年1月,陈独秀在《青年杂志》撰文称:“个人之人格高,斯国家之人格亦高。个人之权巩固,斯国家之权亦巩固。而吾国自古相传之道德政治胥(皆)反乎是。” 陈独秀意在()",主张国家至上,批判封建伦理,反对西方民主,传播马克思主义,B,verified,OpenLMLab GAOKAO-Bench,https://github.com/OpenLMLab/GAOKAO-Bench,2019,全国,高考真题,unique,valid,pending,,,7719fff5bc977657bbb1c635f0f07af04d33f8417605c104807913a16b9d6184
CHIS_000101,GROUP_GAOKAO_BENCH_2019_0101,,"(4分)20世纪30年代中期,《新中华》载文:“现在你随便拉住一个稍稍留心中国经济 问题的人,问他中国经济性质如何,他就毫不犹豫地答复你:中国经济是半殖民地性半 封建性经济。”这可以用来说明当时()",知识界对中国社会性质的认识相同,官僚资本主义在中国迅速膨胀,经济理论问题引起民众的普遍关注,马克思主义思想方法得到传播,D,verified,OpenLMLab GAOKAO-Bench,https://github.com/OpenLMLab/GAOKAO-Bench,2019,全国,高考真题,unique,valid,pending,,,e1ed357cd13b00c86da5692abb2b63ce08d78fa27955cc71f0208673bfe1e46f
CHIS_000102,GROUP_GAOKAO_BENCH_2019_0102,,"(4分)16世纪,英国自上而下地进行宗教改革,国王成为英国国教教会唯一的首脑。17 世纪六七十年代,英国国王查理二世宣布实行宗教自由,强调英国国教教会的至尊地位。 此举旨在()",促进信仰自由,巩固君主立宪,强化专制统治,落实《权利法案》,C,verified,OpenLMLab GAOKAO-Bench,https://github.com/OpenLMLab/GAOKAO-Bench,2019,全国,高考真题,unique,valid,pending,,,9ca69e815bfa2011ff53496f4a1d4a4d962a8af093fe937cccb934508eb34ce6
CHIS_000103,GROUP_GAOKAO_BENCH_2019_0103,,"(4分)恩格斯在评价某一文学艺术流派时说:“除细节的真实外,还要真实地再现典型 环境中的典型人物。”属于这一流派的作品是()",《哈姆雷特》,《等待戈多》,《人间喜剧》,《西风颂》,C,verified,OpenLMLab GAOKAO-Bench,https://github.com/OpenLMLab/GAOKAO-Bench,2019,全国,高考真题,unique,valid,pending,,,91bbd736db4465e39d0494eee992985ab57b7a461df5683d1a6501e8995a0fb0
CHIS_000104,GROUP_GAOKAO_BENCH_2019_0104,,"(4分)20世纪70年代中后期,法国国内生产总值年平均增长率由2.6%下降到1.3%, 物价上涨了1倍。1981年,密特朗就任总统后,推行包括国有化在内的一系列措施,其 结果()",加剧了经济恶化,实现了物价下降,推动了通货紧缩,放弃了经济自由,A,verified,OpenLMLab GAOKAO-Bench,https://github.com/OpenLMLab/GAOKAO-Bench,2019,全国,高考真题,unique,valid,pending,,,73d5fcbf0edc666a55c7acb0b278ec61bc0e2974f00f6f9aaf2fcc23f42c9009
CHIS_000105,GROUP_GAOKAO_BENCH_2018_0105,,"( 4分)《墨子》中有关于 “圆”“直线 ”“正方形 ”“倍”的定义,对杠杆原理、声 音传播、小孔成像等也有论述,还有机械制造方面的记载。这反映出,《墨 子》( )",汇集了诸子百家的思想精华,形成了完整的科学体系,包含了劳动人民智慧的结晶,体现了贵族阶层的旨趣,C,verified,OpenLMLab GAOKAO-Bench,https://github.com/OpenLMLab/GAOKAO-Bench,2018,全国,高考真题,unique,valid,pending,,,c2978c3e4a332c92335ba01bc85e18b4439b5d21edc7239ee78a2137f7e02dab
CHIS_000106,GROUP_GAOKAO_BENCH_2018_0106,,"( 4分)据学者研究,唐朝 “安史之乱 ”后百余年间的藩镇基本情况如表所示 。 表“安史之乱 ”后百余年间唐朝藩镇基本情况表 藩镇类型 数量(个) 官员任免 赋税供纳 兵额与功能 河朔型 7 藩镇自擅 不上供 拥重兵以自立 中原型 8 朝廷任命 少上供 驻重兵防骄藩 边疆型 17 朝廷任命 少上供 驻重兵守边疆 东南型 9 朝廷任命 上供 驻兵少防盗贼 由此可知,这一时期的藩镇( )",控制了朝廷财政收入,彼此之间攻伐不已,注重维护中央的权威,延续了唐朝的统治,D,verified,OpenLMLab GAOKAO-Bench,https://github.com/OpenLMLab/GAOKAO-Bench,2018,全国,高考真题,unique,valid,pending,,,d1fe96a4229778433c21e0f8a4ed895452c0d1b47e31fc6043c297245b13ec3b
CHIS_000107,GROUP_GAOKAO_BENCH_2018_0107,,"( 4分)北宋前中期,在今四川井研县一带山谷中,密布着成百上千个采用 新制盐技术的竹筒井 。井主所雇工匠大多来自 “他州别县 ”,以“佣身赁力 ”为生 ,受雇期间,若工作条件或待遇不满意,辄另谋高就。这反映出当时 ( )",民营手工业得到发展,手工业者社会地位高,雇佣劳动已经普及,盐业专卖制度解体,A,verified,OpenLMLab GAOKAO-Bench,https://github.com/OpenLMLab/GAOKAO-Bench,2018,全国,高考真题,unique,valid,pending,,,096e79a909e7ea13c2e32e97d47c87f27369adf0a4e675f5d3829f1e2c27d23b
CHIS_000108,GROUP_GAOKAO_BENCH_2018_0108,,"(4分)1948~1949年夏,英、法、美等国通过各自渠道同中国共产党接触 , 试探与将要成立的新政府建立某种形式的外交关系的可能性。 中共中央考虑 : 不接受足以束缚手脚的条件;可以采取积极办法争取这些国家承认;也可以 等一等,不急于争取这些国家的承认。这反映出( )",中国共产党奉行独立自主的外交政策,西方国家放弃了对国民党政权的支持,中国冲破了美国的外交孤立,新政府不急于获取国际支持,A,verified,OpenLMLab GAOKAO-Bench,https://github.com/OpenLMLab/GAOKAO-Bench,2018,全国,高考真题,unique,valid,pending,,,bf181863a37ba2077bedf5d3c44681ea4f530998b55a36e9ffb0436f4464f04e
CHIS_000109,GROUP_GAOKAO_BENCH_2018_0109,,"( 4分)古代雅典的梭伦在诗中写道: “作恶的人每每致富,而好人往往贫穷 ;但是,我们不愿意把我们的道德和他们的财富交换,因为道德是永远存在 的,而财富每天在更换主人。 ”据此可知,梭伦( )",反对奴隶制度,主张权利平等,抨击贫富差别,具有人文精神,D,verified,OpenLMLab GAOKAO-Bench,https://github.com/OpenLMLab/GAOKAO-Bench,2018,全国,高考真题,unique,valid,pending,,,ca6da4dc590e1521e4577f885bb69f751d52494c169d688e396761129bac700c
CHIS_000110,GROUP_GAOKAO_BENCH_2018_0110,,"( 4分) 1847年6月,正义者同盟改名为共产主义者同盟,以 “全世界无产 者,联合起来 ”的新口号代替 “人人皆兄弟 ”的旧口号, 并规定同盟的目的是 :“ 通过传播财产公有的理论并尽快地求其实现 ,使人类得到解放, ”这一变化说 明( )",共产主义者同盟接受了马克思的革命理论,马克思主义的诞生推动了无产阶级的斗争,工人运动在欧洲的主要资本主义国家开始兴起,无产阶级与资产阶级的矛盾成为社会主要矛盾,A,verified,OpenLMLab GAOKAO-Bench,https://github.com/OpenLMLab/GAOKAO-Bench,2018,全国,高考真题,unique,valid,pending,,,26cab2eaa037adb03ca8f4afcfe9ea64bbd62a46e83c65a90619b33f5498a9d6
CHIS_000111,GROUP_GAOKAO_BENCH_2018_0111,,"( 4分)传统观点认为,英国成为工业革命发源地,是因为英国最早具备了 技术、市场等经济条件;后来有研究者认为,其主要原因是英国建立了君主 立宪制度;又有学者提出,煤铁资源丰富、易于开采等自然条件是其重要因 素。据此可知,关于工业革命首先在英国发生的认识( )",只能有一种正确合理的观点,随着研究视角拓展而趋于全面,缺少对欧洲其他国家的观察,后期学者研究比传统观点可信,B,verified,OpenLMLab GAOKAO-Bench,https://github.com/OpenLMLab/GAOKAO-Bench,2018,全国,高考真题,unique,valid,pending,,,9ba407835781f6ab33212b0b2c968cdfd4f88c8d219d33d142623da969354b97
CHIS_000112,GROUP_GAOKAO_BENCH_2018_0112,,"( 4分)据《史记 》记载,商汤见野外有人捕猎鸟兽,张设的罗网四面密实 , 认为这样便将鸟兽杀绝了, “乃去其三面 ”,因此获得诸侯的拥护,最终推翻 夏桀,创立商朝。这一记载意在说明( )",商汤成功缘于他的仁德之心,捕猎是夏商时主要经济活动,商朝已经注重生态环境保护,资源争夺是夏商更替的主因,A,verified,OpenLMLab GAOKAO-Bench,https://github.com/OpenLMLab/GAOKAO-Bench,2018,全国,高考真题,unique,valid,pending,,,8b261aee63163a30b3816b8f825e59a96a3f235a7a6b9b80191a77fadec814ac
CHIS_000113,GROUP_GAOKAO_BENCH_2018_0113,,"( 4分)西汉文景时期,粮食增产,粮价极低。国家收取的实物田租很少甚 至免除,但百姓必须把粮食换成钱币,缴纳较高税额的人头税,富商大贾趁 机操纵物价 。放高利贷 ,加剧了土地兼并 、农户流亡 。这反映出当时 ( )",重农抑商政策未能实行,自耕农经济发展受阻,粮价低抑制了生产热情,富商大贾操纵税收,B,verified,OpenLMLab GAOKAO-Bench,https://github.com/OpenLMLab/GAOKAO-Bench,2018,全国,高考真题,unique,valid,pending,,,086557f3cb44b5d676683cc09995231b1b35d379e2f1cadb5e46a29f4325ab80
CHIS_000114,GROUP_GAOKAO_BENCH_2018_0114,,"( 4分)武则天时期,将中书、门下二省名称分别改为凤阁、鸾台,通过加 授“同凤阁鸾台平章事 ”头衔,使低品阶官员得以与凤阁 、鸾台长官共同议政 。 宰相数量大增,且更替频繁。这一做法的目的是( )",扩大中书、门下二省的职权,为官员提供迅速晋升的机会,便于实现对朝政的全面控制,强化宰相参政议政职能,C,verified,OpenLMLab GAOKAO-Bench,https://github.com/OpenLMLab/GAOKAO-Bench,2018,全国,高考真题,unique,valid,pending,,,e5275f193723e8b32ea7ccc66332ee9c0b30e7dea979074c788e35406dba5b6d
CHIS_000115,GROUP_GAOKAO_BENCH_2018_0115,,"(4分)昆曲在明朝万历年间被视为 “官腔 ”,到清代被誉为 “雅乐 ”“盛世元音 ” ,宫廷重要活动常有昆曲演出 ,江南地区 “郡邑大夫宴款不敢不用 ”,甚至 “演 戏必请昆班 ,以泉府城中庙会之高雅 ”,这些史实表明 ,昆曲在明清时期的流 行是因为( )",陆王心学广泛传播,吸收了京剧的戏曲元素,社会等级观念弱化,符合士大夫的文化品味,D,verified,OpenLMLab GAOKAO-Bench,https://github.com/OpenLMLab/GAOKAO-Bench,2018,全国,高考真题,unique,valid,pending,,,39c5288e6fcbdbb42e2850562f61bfadc76fd402e4f3b6f09448148bb1d2d5db
CHIS_000116,GROUP_GAOKAO_BENCH_2018_0116,,"(4分)19世纪 70年代,针对日本阻止硫球国向中国进贡 ,有地方督抚在上 奏中强调:琉球向来是中国的藩属,日本 “不应阻贡 ”;中国使臣应邀请西方 各国驻日公使, “按照万国公法与评直曲 ”,这说明当时( )",日本借助西方列强侵害中国权益,传统朝贡体系己经解体,地方督抚干预朝廷外交事务决策,近代外交观念影响中国,D,verified,OpenLMLab GAOKAO-Bench,https://github.com/OpenLMLab/GAOKAO-Bench,2018,全国,高考真题,unique,valid,pending,,,7eb05cc8998764cba890b0245277b3756978eac6f624ad1e4bd5840395fda1a2
CHIS_000117,GROUP_GAOKAO_BENCH_2018_0117,,"( 4分) 1923年底,孙中山认: “俄革命六年成功,而我则十二年尚未成功 , 何以故?则由于我党组织之方法不善,前此因无可仿效,法国革命八十年成 功,美国革命血战八年而始得独立 ,因均无一定成功之方法 ,惟今俄国有之 , 殊可为我党师法。 ”其意在( )",走苏俄革命的道路,放弃资产阶级代议制,加强革命的领导核心,改变反封建的斗争目标,C,verified,OpenLMLab GAOKAO-Bench,https://github.com/OpenLMLab/GAOKAO-Bench,2018,全国,高考真题,unique,valid,pending,,,70d1955da45ad57c37d9b23e8ffc610e1beddb1bde75efef59945909127983af
CHIS_000118,GROUP_GAOKAO_BENCH_2018_0118,,"( 4分)美国记者曾生动地记述抗日根据地 “如果你遇见这样的农民 --他的 整个一生都被人欺凌、被人鞭笞、被人辱骂 ......你真正把他作为一个人来对 待,征求他的意见 ,让他投票选举地方政府 ......让他自已决定是否减租减息 , 如果你做到了这一切 ,那么,这个农民就会变成一个具有奋斗目标的人。 ”这 一记述表明,抗日根据地( )",农民的抗日热情得到激发,废除了封建土地制度,国民革命的任务得以实现,排除了国民党的影响,A,verified,OpenLMLab GAOKAO-Bench,https://github.com/OpenLMLab/GAOKAO-Bench,2018,全国,高考真题,unique,valid,pending,,,5290a48bb6fecb6c2541a3296a0c9a2c4b63d9d9438636b49221868190177778
CHIS_000119,GROUP_GAOKAO_BENCH_2018_0119,,"( 4分)罗马共和国时期,平民和贵族族展开了长达两个世纪的斗争,斗争 的成就主要体现为其间所颁布的一系列法律, 恩格斯曾评论说 :“氏族贵族和 平民不久便完全溶化在国家中了。 ”这一长期斗争的结果是( )",贵族的特权被取消,罗马法体系最终形成,公民与贵族法律上平等,自由民获得相同的权利,C,verified,OpenLMLab GAOKAO-Bench,https://github.com/OpenLMLab/GAOKAO-Bench,2018,全国,高考真题,unique,valid,pending,,,584ca8778e127ac26e8d286b6e35b7c6a8e1d3f9067cad786c2d58e3975d7c7c
CHIS_000120,GROUP_GAOKAO_BENCH_2018_0120,,"( 4分)1836年,俄国著名戏剧家果戈里发表剧作《钦差大臣 》,描写的是 一名小官吏路过某偏僻小城,当地人们误把他当作钦差大臣而竞相巴结、行 贿。该作品( )",抨击了资本主义政治腐败,揭露了专制体制的腐朽,体现了浪漫主义文学风格,讽刺了拜金主义的风气,B,verified,OpenLMLab GAOKAO-Bench,https://github.com/OpenLMLab/GAOKAO-Bench,2018,全国,高考真题,unique,valid,pending,,,8bc7a53f25c7c462170751a9dc279a409ce95ae4298d89389d19d403488cf494
CHIS_000121,GROUP_GAOKAO_BENCH_2018_0121,,"( 4分) 20世纪 60-70年代,法国、联邦德国和意大利北部原本落后的农 村迅速实现了机械化,数百万农民成了相对富裕的农场主,这一变化的原因 是( )",马歇尔计划开始发挥作用,欧洲经济一体化的推动,西欧社会福利制度的确立,布雷顿森林体系的瓦解,B,verified,OpenLMLab GAOKAO-Bench,https://github.com/OpenLMLab/GAOKAO-Bench,2018,全国,高考真题,unique,valid,pending,,,4068d0a25260f97f17b8b6c2230798bbdb19deeebca643a1d267a4fcf6e98417
CHIS_000122,GROUP_GAOKAO_BENCH_2018_0122,,"(4分)表 宋代宰相祖辈任官情况表 曾祖、祖父或父亲任官情况 宰相人数 北宋(71) 南宋(62) 高级官员 20 8 中级官员 15 10 低级官员 12 8 无官职记录 24 36 据学者研究整理而成,反映出两宋时期()",世家大族影响巨大,社会阶层流动加强,宰相权力日益下降,科举制度功能弱化,B,verified,OpenLMLab GAOKAO-Bench,https://github.com/OpenLMLab/GAOKAO-Bench,2018,全国,高考真题,unique,valid,pending,,,a7f181664199b9141a3988845706887f4c61f04aa392d01dd1ad2a60bb5bcc61
CHIS_000123,GROUP_GAOKAO_BENCH_2018_0123,,"(4分)我国第一部药学专书《神农本草经》大约成书于汉代,《唐本草》是 世界上第一部由国家制定的药典,宋代颁行了多部官修本草,明代李时珍撰 成药物学集大成之作《本草纲目》,由朝廷颁行。这些史实说明,我国古代药 学的发展()",源于大一统的政治体制,得益于国家力量的支持,是商品经济繁荣的结果,受到了宋明理学的推动,B,verified,OpenLMLab GAOKAO-Bench,https://github.com/OpenLMLab/GAOKAO-Bench,2018,全国,高考真题,unique,valid,pending,,,3a528a69415f81f618b75cf96dcdd7cb3bfd3086924d50846bb1df4bca497f75
CHIS_000124,GROUP_GAOKAO_BENCH_2018_0124,,"(4分)明朝中期以后,京城及江南地区,雕印出版个人著作之风盛行,有人 谑称:“老童(生)、低秀(才),胸无墨、眼无丁者,无不刻一文稿以为交游 酒食之资。”士大夫间也流行将书籍作为礼物。这种现象可以说明当时()",学术文化水平迅速提升,士人的地位显著提高,经世致用思想影响广泛,崇尚文化的氛围浓厚,D,verified,OpenLMLab GAOKAO-Bench,https://github.com/OpenLMLab/GAOKAO-Bench,2018,全国,高考真题,unique,valid,pending,,,3b336201aa9d7213058cfdc6fd81d6bea4381e8df991a66fe179ddaa142d04a1
CHIS_000125,GROUP_GAOKAO_BENCH_2018_0125,,"(4分)英国科学家赫胥黎的《进化论与伦理学及其他》认为不能将自然的进 化论与人类社会的伦理学混为一谈。但严复将该书翻译成《天演论》时,“煞 费苦心”地将二者联系起来,提出自然界进化规律同样适用于人类社会。严复 意在()",纠正生物进化论的错误,为反清革命提供理论依据,传播“中体西用”思想,促进国人救亡意识的觉醒,D,verified,OpenLMLab GAOKAO-Bench,https://github.com/OpenLMLab/GAOKAO-Bench,2018,全国,高考真题,unique,valid,pending,,,eb350c68f388a19284a27ae3b7676f6cb967520ed1052eb3bd88fca68d714eed
CHIS_000126,GROUP_GAOKAO_BENCH_2018_0126,,"(4分)1920年,一些人撰文批评工读互助等社会改良活动,认为“零零碎碎 的救济”“无补大局”,主张对社会进行“根本改造”,走进工厂,深入工人群众。 这表明当时()",民主与科学观念广泛传播,实业救国运动如火如荼,马克思主义影响日益增强,批判传统礼教成为共识,C,verified,OpenLMLab GAOKAO-Bench,https://github.com/OpenLMLab/GAOKAO-Bench,2018,全国,高考真题,unique,valid,pending,,,3e2561820b9ecbe9d25f2ed67371125c98b6a455d1125da44fee8e28a27ca3a7
CHIS_000127,GROUP_GAOKAO_BENCH_2018_0127,,"(4分)1956年,刘少奇在中共八大政治报告中指出:“我们目前在国家工作 中的迫切任务之一,是着手系统地制定比较完备的法律,健全我们国家的法 制。”这反映了当时()",法制建设开始迈向制度化,法制工作围绕组建新政权展开,法制建设与国内主要矛盾的变化密切相关,政治体制改革推动了依法治国的全面实行,C,verified,OpenLMLab GAOKAO-Bench,https://github.com/OpenLMLab/GAOKAO-Bench,2018,全国,高考真题,unique,valid,pending,,,a83e2e1166994004799f28ef69e88df27ab26589514c10d0d9f0cb3ca8cdeb7e
CHIS_000128,GROUP_GAOKAO_BENCH_2018_0128,,"(4分)表中国乡镇企业行业分布表(单位:万个) 年份农业 工业建筑业交通运输业商、饮、服务业 1982 29.28 74.92 5.38 9.58 17.01 1988 23.28 773.52 95.58 372.55 623.23 表中的数据变化说明,这一时期我国()",农村剩余劳动力大量转移,城乡一体化逐步实现,社会主义市场经济体制已建立,工业结构趋于合理,A,verified,OpenLMLab GAOKAO-Bench,https://github.com/OpenLMLab/GAOKAO-Bench,2018,全国,高考真题,unique,valid,pending,,,aa9d11d0d22228c932102b0f36e4d1b96a2e3955171c516104b8fed58a61fc57
CHIS_000129,GROUP_GAOKAO_BENCH_2018_0129,,"(4分)公元前5世纪,雅典公民获得更多表达自己想法的机会,公民的成功 “依赖于在大型公共集会上谈话、论辩与说服的能力”。据此可知,在当时雅 典()",公民必须能言善辩,参政议政十分活跃,民主政治出现危机,内乱引发思想纷争,B,verified,OpenLMLab GAOKAO-Bench,https://github.com/OpenLMLab/GAOKAO-Bench,2018,全国,高考真题,unique,valid,pending,,,f777fee1f7cf79bdbd3dc3c02591425b9787b5b33349fdeae3b5c27b1a460889
CHIS_000130,GROUP_GAOKAO_BENCH_2018_0130,,"(4分)18世纪前半期的法国,先前往来于凡尔赛宫的思想家、文学家、戏剧家们,开始热衷于参加沙龙聚会,讨论的话题广泛,不再局限于传统的信 仰和礼仪,思想极为活跃,上流社会不少人也乐于资助他们。这表明()",启蒙思想逐渐流行,宫廷文化普及到民间,专制主义已经衰落,贵族与平民趋于平等,A,verified,OpenLMLab GAOKAO-Bench,https://github.com/OpenLMLab/GAOKAO-Bench,2018,全国,高考真题,unique,valid,pending,,,3a367ead1379c080666ba945451562083dcd7de9d221e9ea5f2176a001ad971f
CHIS_000131,GROUP_GAOKAO_BENCH_2018_0131,,"(4分)表:1929~1931年美国部分行业工人周工资变化表(单位:%) 时间 类别1929~1930年 1930~1931年 烟煤业-12.3 -19.1 金属矿业-6.6 -18.3 制造业-7.2 -11.3 据表可知,当时美国()",最低工资标准失效,产业结构迅速调整,经济危机不断加深,政府财政支出锐减,C,verified,OpenLMLab GAOKAO-Bench,https://github.com/OpenLMLab/GAOKAO-Bench,2018,全国,高考真题,unique,valid,pending,,,bfc0b74cf85b3df627bc11d97995caf4c601b8f0438111999d53cc92cdbc9e4b
CHIS_000132,GROUP_GAOKAO_BENCH_2018_0132,,"(4分)1959年,苏共二十一大讨论通过了七年经济计划,规定7年内工业 生产总值提高80%,其中发电量、钢铁产量都要求成倍增长。这反映出七年 经济计划()",未能摆脱斯大林模式,是应对马歇尔计划的举措,是新经济政策的延续,加强了国家对经济的控制,A,verified,OpenLMLab GAOKAO-Bench,https://github.com/OpenLMLab/GAOKAO-Bench,2018,全国,高考真题,unique,valid,pending,,,1d4be5a081eac2b6b0ed3e61b8abc2e3f49f0f472ed62176ec4c6a1377ed4eee
CHIS_000133,GROUP_GAOKAO_BENCH_2017_0133,,"( 4分)周灭商之后,推行分封制,如封武王弟康叔于卫,都朝歌(今河南 淇县);封周公长子伯禽于鲁,都奄(今山东曲阜 );封召公奭于燕,都蓟( 今北京).分封( )",推动了文化的交流与文化认同,强化了君主专制权力,实现了王室对地方的直接控制,确立了贵族世袭特权,A,verified,OpenLMLab GAOKAO-Bench,https://github.com/OpenLMLab/GAOKAO-Bench,2017,全国,高考真题,unique,valid,pending,,,846a4d52c93698d60c60f8172e38335105ecaed9acbc91056a62d03522f4b7d0
CHIS_000134,GROUP_GAOKAO_BENCH_2017_0134,,( 4分)读表: 皇帝纪年 公元纪年 郡级政区 汉高帝十二年 前195年 15郡 汉文帝十六年 前164年 24郡 汉景帝中六年 前144年 68郡、国 汉武帝元封五年 前106年 108郡、国 表为西汉朝廷直接管辖的郡级政区变化表。据此可知( ),诸侯王国与朝廷矛盾渐趋激化,中央行政体制进行了调整,朝廷解决边患的条件更加成熟,王国控制的区域日益扩大,C,verified,OpenLMLab GAOKAO-Bench,https://github.com/OpenLMLab/GAOKAO-Bench,2017,全国,高考真题,unique,valid,pending,,,4b70984f3bfe29194f32d0cc333d819b662d706cf2547ff12af51d1b4b69f5e1
CHIS_000135,GROUP_GAOKAO_BENCH_2017_0135,,"( 4分)读表: 记述 出处 “秦王(李世民)与薛举大战于泾州,我师败 绩。 ” 《旧唐书 •高祖本纪》 “薛举寇泾州,太宗(李世民 )率众讨之,不利而 旋。 ” 《旧唐书 •太宗本纪》 “秦王世民为西讨元帅 ......刘文静(唐朝将领)及 《新唐书 •高祖本纪》 薛举战于泾州,败绩。 ” “薛举寇泾州 ,太宗为西讨元帅 ,进位雍州牧 。七 月,太宗有疾,诸将为举所败。 ” 《新唐书 •太宗本纪》 表为不同史籍关于唐武德元年同一事件的历史叙述 。据此能够被认定的历史事实 是( )",皇帝李世民与薛举战于泾州,刘文静是战役中唐军的主帅,唐军与薛举在泾州作战失败,李世民患病导致了战役失败,C,verified,OpenLMLab GAOKAO-Bench,https://github.com/OpenLMLab/GAOKAO-Bench,2017,全国,高考真题,unique,valid,pending,,,b7dfff82d8f7ed78bc0dfd70276649dcf3046857f8d960b515673b4c4591a89a
CHIS_000136,GROUP_GAOKAO_BENCH_2017_0136,,"( 4分)明前中期,朝廷在饮食器具使用上有一套严格规定,例如官员不得 使用玉制器皿等。到明后期,连低级官员乃至普通人家也都使用玉制器皿。 这一变化反映了( )",君主专制统治逐渐加强,经济发展冲击等级秩序,市民兴起瓦解传统伦理,低级官员易染奢靡风气,B,verified,OpenLMLab GAOKAO-Bench,https://github.com/OpenLMLab/GAOKAO-Bench,2017,全国,高考真题,unique,valid,pending,,,4dd97b48f1ddd8cca9014ada018bba31d33031f4fdbea9b3e100cfc2b93a2dae
CHIS_000137,GROUP_GAOKAO_BENCH_2017_0137,,"( 4分)开平煤矿正式投产时,土煤在国内从一个通商口岸装船到另一个通 商口岸卸货,须缴纳出口税和复进口税, 每吨税金达 1两以上,比洋煤进口 税多 20余倍。李鸿章奏准开平所产之煤出口税每吨减 1钱。这一举措 ( )",增强了洋务派兴办矿业的信心,加强了对开平煤矿的管理,摆脱了列强对煤矿业的控制,保证了煤矿业稳健发展,A,verified,OpenLMLab GAOKAO-Bench,https://github.com/OpenLMLab/GAOKAO-Bench,2017,全国,高考真题,unique,valid,pending,,,04a97fd39d154b901ffd610bb110a25474bbd1519d70e6b6987cb520eeb4da62
CHIS_000138,GROUP_GAOKAO_BENCH_2017_0138,,"( 4分) 1904年,湖南、四川、江苏、广东、 福建等长江流域与东南沿海 9 个省份留日学生共计 1883人,占全国留日学生总数的 78%,直隶亦有 172人 ,山西、 陕西等其他十几个省区仅有 351人。影响留日学生区域分布不平衡 的主要因素是( )",地区经济文化水平与开放程度有别,革命运动在各地高涨程度存在差异,清政府鼓励留学的政策发生变化,西方列强在中国的势力范围不同,A,verified,OpenLMLab GAOKAO-Bench,https://github.com/OpenLMLab/GAOKAO-Bench,2017,全国,高考真题,unique,valid,pending,,,24a97c136af9e50c751fa9dc758b6f47a3b80b56c0601e5129c9b42007bed800
CHIS_000139,GROUP_GAOKAO_BENCH_2017_0139,,"( 4分)陕甘宁边区在一份文件中讲到: “政府的各种政策,应当根据各阶级 的共同利害出发,凡是只对一阶级有利,对另一阶级有害的便不能作为政策 决定的依据 ......现在则工人 、农民、地主、资本家,都是平等的有权利。 ”这一 精神的贯彻( )",推动了土地革命的顺利开展,适应了民族战争新形势的需要,巩固了国民革命的社会基础,壮大了反抗国民党政府的力量,B,verified,OpenLMLab GAOKAO-Bench,https://github.com/OpenLMLab/GAOKAO-Bench,2017,全国,高考真题,unique,valid,pending,,,a4815dde4e09181e6312e7493fcc3c467b0488751df3f11f16002023c66d9a5e
CHIS_000140,GROUP_GAOKAO_BENCH_2017_0140,,"( 4分) 1990年,一份提交中央的报告说,理论上的凯恩斯主义和实践中的 罗斯福新政,实际上是把计划用作国家干预的一种手段,从那时候起,计划 与市场相结合成为世界经济体制优化的普遍趋势。据此可知,该报告的主旨 是( )",肯定国家干预经济的发展模式,阐明融入经济全球化的必要,主张摆脱传统经济模式的束缚,剖析西方经济体制的实质,C,verified,OpenLMLab GAOKAO-Bench,https://github.com/OpenLMLab/GAOKAO-Bench,2017,全国,高考真题,unique,valid,pending,,,16f133fb34185709ee7436533a257486079df941d25e69deba7b43c3a7a505e7
CHIS_000141,GROUP_GAOKAO_BENCH_2017_0141,,"( 4分)在公元前 9至前 8世纪广为流传的希腊神话中,诸神的形象和性情 与人相似,不仅具有人的七情六欲,而且还争权夺利,没有一个是全知全能 和完美无缺的。这反映了在古代雅典( )",宗教信仰意识淡薄,人文思想根植于传统文化,理性占据主导地位,神话的影响随民主进程而削弱,B,verified,OpenLMLab GAOKAO-Bench,https://github.com/OpenLMLab/GAOKAO-Bench,2017,全国,高考真题,unique,valid,pending,,,f9fdd6d0bb6d61615462d7c90697350c75a55afab513b551b4a3c144e14ce0df
CHIS_000142,GROUP_GAOKAO_BENCH_2017_0142,,"( 4分)读表: 英国国民总收入变化表 年份 约1770 约1790~1793 约1830~1835 数额(百万英镑) 140 175 360 英国工人实际工资变化表(即按实际购买力计算的工资, 1851年为 100) 年份 1755 1797 1835 指数 42.74 42.48 78.69 综合表可知,在工业革命期间,英国( )",工人实际收入与经济发展同步增长,经济快速发展依赖于廉价的劳动力,工人生活整体上没有改善,社会贫富差距进一步拉大,D,verified,OpenLMLab GAOKAO-Bench,https://github.com/OpenLMLab/GAOKAO-Bench,2017,全国,高考真题,unique,valid,pending,,,895b0602cd171edb91641c629bcda7c546027222dd9aa98b814e1e9a1cbb6079
CHIS_000143,GROUP_GAOKAO_BENCH_2017_0143,,"(4分)1976年,美、英、法等西方国家组成七国集团 ,协调经济政策以解 决世界经济难题,俄罗斯加入后成为八国集团。 1999年,八国集团国家和中 国、巴西、印度等组成二十国集团,寻求合作以促进国际金融稳定和经济持 续增长。从这一历程可看出( )",世界格局的变化冲击旧的世界经济秩序,经济全球化深入到贸易金融领域,越来越多的亚非拉国家进入世界体系,区域经济集团从封闭走向开放,A,verified,OpenLMLab GAOKAO-Bench,https://github.com/OpenLMLab/GAOKAO-Bench,2017,全国,高考真题,unique,valid,pending,,,2a29e736f005133ecb2db1020c54ddd8f4358135fd6a652bddca23e120c6ea4e
CHIS_000144,GROUP_GAOKAO_BENCH_2017_0144,,"( 4分)《史记》《汉书》均为私家撰著。魏晋以后,朝廷任用史官负责修 撰本朝或前朝历史,甚至由宰相主持,皇帝亲自参与,这反映出官修史书( )",记载的真实性,评价历史的公正性,修撰的政治性,解释历史的客观性,C,verified,OpenLMLab GAOKAO-Bench,https://github.com/OpenLMLab/GAOKAO-Bench,2017,全国,高考真题,unique,valid,pending,,,972fece33f0c9aff785c76b7eef2c9b6ff965871052854549ef24ba5b5216c0b
CHIS_000145,GROUP_GAOKAO_BENCH_2017_0145,,"( 4分)北朝时,嗜好奶类制品的北方人常常嘲笑南方人的喝茶习俗。唐中 期,北方城市中, “多开店铺,煎茶卖之,不问道俗,投钱取饮。其茶自江 、 淮而来,舟车相继,所在山积 ”。据此可知,唐中期( )",国家统一使南茶开始北运,南北方饮食习惯趋于一致,南方经济文化影响力上升,南方经济水平已超越北方,C,verified,OpenLMLab GAOKAO-Bench,https://github.com/OpenLMLab/GAOKAO-Bench,2017,全国,高考真题,unique,valid,pending,,,c37c16399a5e7c0477b2f79a5e46166b9a2aee677cb735f854586f80780a38cf
CHIS_000146,GROUP_GAOKAO_BENCH_2017_0146,,"( 4分)明初朱元璋严禁宦官读书识字,但中后期宦官读书识字逐渐制度化 , 士大夫甚至有针对性的编纂适合宦官学习的读本。由此可以推知,明代中后 期( )",中枢决策过程发生异变,皇帝权力日趋衰落,内阁议政功能已经丧失,宦官掌握决策权力,A,verified,OpenLMLab GAOKAO-Bench,https://github.com/OpenLMLab/GAOKAO-Bench,2017,全国,高考真题,unique,valid,pending,,,29600fd768b9a455381215416aa792cdb965871496e82ef8343611b7b0471068
CHIS_000147,GROUP_GAOKAO_BENCH_2017_0147,,"(4分)1879年以前,福州船政局所造之船均 “派拨各省 ,并不索取原价分文 ”;此后造船所用材料费由用船一方拨付,采取 “协造 ”方式生产。这种变化反 映了( )",军用工业由官办转为商办,“协造 ”意在缓解经费压力,军工产品市场化趋势明显,近代轮船制造业走出困境,B,verified,OpenLMLab GAOKAO-Bench,https://github.com/OpenLMLab/GAOKAO-Bench,2017,全国,高考真题,unique,valid,pending,,,a1f1886d7a27d9c29baa9b70b4862d035691fff723b7407a23bbf40d680c5a3f
CHIS_000148,GROUP_GAOKAO_BENCH_2017_0148,,"( 4分)抗日战争胜利后,山东根据地已有农会、工会、妇女会、青年团、 儿童团等中国共产党领导的群众组织, 成员达 404万人,占根据地总人口的 27%;中共党员占总人口的 1%左右,几乎村村有党员。这反映出( )",革命工作的重心开始转移,工农武装割据局面已经形成,统一战线范围进一步扩大,国共力量对比变化趋势加强,D,verified,OpenLMLab GAOKAO-Bench,https://github.com/OpenLMLab/GAOKAO-Bench,2017,全国,高考真题,unique,valid,pending,,,90136e00dafb458d71bf6843e38750b3bf1ec1c774d0faf8046e7b97a56993a7
CHIS_000149,GROUP_GAOKAO_BENCH_2017_0149,,"( 4分) 1977年,我国各大专院校录取新生 27.3万人,至1988年高校在校 生总规模达 206万人,2001年增长至 719万人,在此期间 ,高等职业教育和 各种形式的成人高等教育的入学人数也有很大增长。由此可知( )",社会对专业人才的需求得到了解决,高等教育实现了与生产劳动相结合,人才选拔制度的改革适应了经济社会发展,恢复统一高考制度促进了高等教育的普及,C,verified,OpenLMLab GAOKAO-Bench,https://github.com/OpenLMLab/GAOKAO-Bench,2017,全国,高考真题,unique,valid,pending,,,17d897a7f46ff2ee09f40b96f760e66e21c95fa84c52eb351dbb99f4d678a9fd
CHIS_000150,GROUP_GAOKAO_BENCH_2017_0150,,"( 4分)在梭伦改革之后的雅典,有的执政官是未经正当选举上台的,被称 为僭主。他们一般出身贵族,政绩斐然,重视平民利益,但最终受到流放等 惩罚。这种现象表明,在当时的雅典( )",贵族垄断国家政权,政治生活缺乏法制基础,平民没有政治权利,民主政治已是人心所向,D,verified,OpenLMLab GAOKAO-Bench,https://github.com/OpenLMLab/GAOKAO-Bench,2017,全国,高考真题,unique,valid,pending,,,89cf1e8d1f52ff4f25063747ba7d563c09a675b9eca87fcb551455ffcb2a785a
CHIS_000151,GROUP_GAOKAO_BENCH_2017_0151,,"(4分)13世纪后半期 ,佛罗伦萨市政府决定扩建一座小而简陋的教堂 ,并 专门发布公告称 ,教堂要与 “佛罗伦萨的众多市民的意志结合而成的高贵的心 灵相一致 ”。这反映出,当时佛罗伦萨( )",工商业阶层成长壮大,人文主义广泛传播,教会权威进一步提升,新教理论初步形成,A,verified,OpenLMLab GAOKAO-Bench,https://github.com/OpenLMLab/GAOKAO-Bench,2017,全国,高考真题,unique,valid,pending,,,fc8562d7096fe62c8bc20f7c380b964963ad8333a5ac767bb81a1339dadc718b
CHIS_000152,GROUP_GAOKAO_BENCH_2017_0152,,"(4分)1800年,美国总统 、联邦党人亚当斯要求政见不同的内阁成员皮克 林辞职,遭到皮克林拒绝,于是亚当斯将其免职。皮克林因此成为美国历史 上第一位被总统免职的内阁成员。亚当斯此举( )",加强了联邦政府的行政权力,体现了总统与内阁之间权限不明,行使了宪法赋予总统的职权,反映了联邦党与其他党派的斗争,C,verified,OpenLMLab GAOKAO-Bench,https://github.com/OpenLMLab/GAOKAO-Bench,2017,全国,高考真题,unique,valid,pending,,,67daaeebdfb2039a25626427213a0c05fa88b0cdfc520d9227a34187bdccf4a5
CHIS_000153,GROUP_GAOKAO_BENCH_2017_0153,,"( 4分) 20世纪 70年代至今,《赫鲁晓夫回忆录》多次出版,并被翻译成 多种语言 。因其内容的复杂性 ,不同年代版本的内容均有所不同 。由此可知 , 此回忆录作为一种史料( )",能够准确记述作者的事迹,比相关研究著作的可信度更高,版本越新越接近历史真相,反映出时代对历史叙述的影响,D,verified,OpenLMLab GAOKAO-Bench,https://github.com/OpenLMLab/GAOKAO-Bench,2017,全国,高考真题,unique,valid,pending,,,119eef27f1497acd8b4c7d9bb1f0f9a7a6256d5affd345c5c1f8522224aa3066
CHIS_000154,GROUP_GAOKAO_BENCH_2017_0154,,"(4分)《史记》记载,西汉前期,从事农牧业、采矿业、手工业和商业的 人,通过自己的努力和智慧而致富,“大者倾郡,中者倾县,下者倾乡里者, 不可胜数”。这反映了当时()",义利观发生根本改变,朝廷注重提高工商业者地位,经济得到恢复和发展,地方豪强势力控制了郡县,C,verified,OpenLMLab GAOKAO-Bench,https://github.com/OpenLMLab/GAOKAO-Bench,2017,全国,高考真题,unique,valid,pending,,,7b497b680a5b6a9b5f474675a0aba9e7fdac8658b0674815b7924f30a78533e6
CHIS_000155,GROUP_GAOKAO_BENCH_2017_0155,,"(4分)表: 土地规模(亩) 户数 户数比例 20以下 24 17.3% 20~130 103 74.1% 131~300 10 7.2% 300以上 2 1.4% 小计 139 100% 表为唐代后期敦煌某地土地占有情况统计表,据此可知,当时该地()",自耕农经济盛行,土地集中现象突出,均田制破坏严重,农业生产效率提高,A,verified,OpenLMLab GAOKAO-Bench,https://github.com/OpenLMLab/GAOKAO-Bench,2017,全国,高考真题,unique,valid,pending,,,f027e7571fedc02a2e816f295a939232eabaa4f51da7a79d35c441614474934c
CHIS_000156,GROUP_GAOKAO_BENCH_2017_0156,,"(4分)关于宋太祖驾崩前夜宋太宗(时为晋王)的活动,北宋时期有不同 记载。《续湘山野录》记载,宋太宗当晚曾与其兄宋太祖在宫中饮酒,并宿于宫中;《涑水记闻》则称,那晚宋太宗并未进宫。这反映出()",历史事实都是通过历史叙述呈现,同一历史事实会有不同历史记载,历史叙述不能客观准确再现历史事实,综合多种历史叙述即可确认历史事实,B,verified,OpenLMLab GAOKAO-Bench,https://github.com/OpenLMLab/GAOKAO-Bench,2017,全国,高考真题,unique,valid,pending,,,6d677579179546ab148b163619645ce09ecf1eca2f8a7ecd4399b1707840bf93
CHIS_000157,GROUP_GAOKAO_BENCH_2017_0157,,"(4分)1897年,有人指出:“中国创行西法已数十年,皆属皮毛,空言无补。 至今两年来,忽大为变动,如邮政、银行、铁路,直见施行,今天津亦有小 轮,风气之开,人力诚难阻隔也。”产生上述变化的主要原因是()",维新变法运动迅速兴起,政府大力扶持官督商办企业,列强对华资本输出减少,政府放宽了兴办实业的限制,D,verified,OpenLMLab GAOKAO-Bench,https://github.com/OpenLMLab/GAOKAO-Bench,2017,全国,高考真题,unique,valid,pending,,,2680f1b87a211eb27af4b032e1c18b37e997ecdb5fde53c678464811b4952b90
CHIS_000158,GROUP_GAOKAO_BENCH_2017_0158,,"(4分)20世纪30年代,上海市政府组织举办集体婚礼。仪式上,喜字纱灯 引导,乐队演奏钢琴曲,新郎着蓝袍黑褂,新娘穿粉色旗袍,头披白纱,手 持鲜花,婚礼场面整齐宏大。这反映了当时上海()",民众实现了婚姻自主,中西习俗融合成为时尚,门当户对观念已颠覆,政府主导社会习俗演变,B,verified,OpenLMLab GAOKAO-Bench,https://github.com/OpenLMLab/GAOKAO-Bench,2017,全国,高考真题,unique,valid,pending,,,270fd5b58645205ba83fe1e40b75c08d965d103029494bc5d7e2913e67943398
CHIS_000159,GROUP_GAOKAO_BENCH_2017_0159,,"(4分)1949年,渡江战役即将发起时,英国军舰擅自闯入长江人民解放军 防线。人民解放军奋起反击,毙伤英军百余人,并要求英、美、法等国的武 装力量“迅速撤离中国的领水、领海、领土、领空”。人民解放军的这一行动 ()",有利于巩固社会主义阵营,是对列强在华特权的否定,切断了西方国家对国民党的军事援助,反映出“另起炉灶”外交政策的确立,B,verified,OpenLMLab GAOKAO-Bench,https://github.com/OpenLMLab/GAOKAO-Bench,2017,全国,高考真题,unique,valid,pending,,,770bfc2c10517e068aec685655ce0b716a951ff2f509fbc09806cc13a5db69f7
CHIS_000160,GROUP_GAOKAO_BENCH_2017_0160,,"(4分)在古代雅典,官员就职前须宣誓保证依法履行职责,陪审员须宣誓 保证公正审判,年满18岁的青年男子须参加成人宣誓仪式才拥有公民的权利 和义务。这些宣誓旨在()",限制权力滥用,防止官员腐败,培育权利观念,增强责任意识,D,verified,OpenLMLab GAOKAO-Bench,https://github.com/OpenLMLab/GAOKAO-Bench,2017,全国,高考真题,unique,valid,pending,,,0336bc01a9b69822da41b60bf44ff8b8609377c353af6d1bf0aa8d33cb416f26
CHIS_000161,GROUP_GAOKAO_BENCH_2017_0161,,"(4分)雨果在小说《九三年》中描述1793年法国唯一的最高权力机关国 民公会,“既是正式选举会议又是十字街头,既是权威机关又是平民大众,既 是法庭又是被告”。这里的国民公会所体现的政治理念是()",三权分立,君主立宪,人民主权,法律至上,C,verified,OpenLMLab GAOKAO-Bench,https://github.com/OpenLMLab/GAOKAO-Bench,2017,全国,高考真题,unique,valid,pending,,,047bba271ca1b103aa44c736100747c0b99abecb48a4ff34fd56cdf820e3dab6
CHIS_000162,GROUP_GAOKAO_BENCH_2017_0162,,"(4分)1953年,苏共中央决定,改变集体农庄劳动报酬发放办法,由以前 每年发放一次物质报酬改为按季度或者按月发放,同时在一些集体农庄试行 工资制度,农民可以像工人一样每月领取工资。这一措施旨在()",调动农民生产积极性,改变计划经济管理体制,消除城乡之间的差别,推动农民走集体化道路,A,verified,OpenLMLab GAOKAO-Bench,https://github.com/OpenLMLab/GAOKAO-Bench,2017,全国,高考真题,unique,valid,pending,,,c9dc969bd3134e730a5f48afa612512e91901dc4542995e065b80566e952730e
CHIS_000163,GROUP_GAOKAO_BENCH_2016_0163,,"( 4分)孔子是儒家学派的创始人,汉代崇尚儒学,尊《尚书》等五部书为 经典,记录孔子言论的 《论语》却不在 “五经 ”之中,对此合理的解释是 ( )",“五经 ”为阐发孔子儒学思想而作,汉代儒学背离了孔子的儒学思想,儒学思想植根于久远的历史传统,儒学传统由于秦始皇焚书而断绝,C,verified,OpenLMLab GAOKAO-Bench,https://github.com/OpenLMLab/GAOKAO-Bench,2016,全国,高考真题,unique,valid,pending,,,6064d38971df11ab0d28ccb762570d4523434f9e7a1e58a941fc94c548ee0911
CHIS_000164,GROUP_GAOKAO_BENCH_2016_0164,,"( 4分)史载,宋太祖某日闷闷不乐,有人问他原因,他说: “尔谓帝王可容 易行事耶 ......偶有误失,史官必书之,我所以不乐也。 ”此事反映了( )",重史传统影响君主个人行为,宋代史官所撰史书全都真实可信,史官与君主间存在尖锐矛盾,宋太祖不愿史书记录其真实言行,A,verified,OpenLMLab GAOKAO-Bench,https://github.com/OpenLMLab/GAOKAO-Bench,2016,全国,高考真题,unique,valid,pending,,,d28f22bf3e9201edd7ca42c518df4c37250eec0f11ed835894a2052621173920
CHIS_000165,GROUP_GAOKAO_BENCH_2016_0165,,"( 4分)明初废行省,地方分设三司,分别掌管一地民政与财政、司法、军 事,直属六部。明中叶以后,皇帝临时派遣的巡抚逐渐演变为三司之上的地 方最高行政长官。这一变化有助于( )",扩大地方行政权力,提高地方行政效率,削弱六部的权限,缓解中央与地方的对立,B,verified,OpenLMLab GAOKAO-Bench,https://github.com/OpenLMLab/GAOKAO-Bench,2016,全国,高考真题,unique,valid,pending,,,7359a73c4f15a97d6c085dc775d687bf7ebf4ae43a006c639db268032f3886ac
CHIS_000166,GROUP_GAOKAO_BENCH_2016_0166,,"(4分)19世纪中期以后 ,中国市场上的洋货日益增多 ,火柴、洋布等用品 “ 虽穷乡僻壤,求之于市,必有所供 ”。这种状况表明( )",中国关税主权开始丧失,商品经济基本取代自然经济,民众生活与世界市场联系日趋密切,中国市场由被动开放转为主动开放,C,verified,OpenLMLab GAOKAO-Bench,https://github.com/OpenLMLab/GAOKAO-Bench,2016,全国,高考真题,unique,valid,pending,,,5f42be0887d154b0cbb8737aff0a733021a8fbc1384cd4f881628af91e5cb9d4
CHIS_000167,GROUP_GAOKAO_BENCH_2016_0167,,"( 4分)甲午中日战争爆发前夕,有些西方人士认为中国拥有一定的军备优 势, “毫无疑问的是日本必然最后被彻底粉碎 ”,他们做出上述判断的主要依 据应是,中国( )",已完成对军队的西式改革,集权制度有利于作战指挥,近代化努力收到较大成效,能获得更广泛的外部援助,C,verified,OpenLMLab GAOKAO-Bench,https://github.com/OpenLMLab/GAOKAO-Bench,2016,全国,高考真题,unique,valid,pending,,,146109abfeb194b0a1af8be3ff2c1945a23d5ec19c4cfe400c1ba9b4960a12ce
CHIS_000168,GROUP_GAOKAO_BENCH_2016_0168,,"( 4分)1965年,中国大陆与西方国家的贸易额在进出口中所占的比重, 由 1957年的 17.9%上升到 52.8%,这种变化的外交背景是,我国( )",实现了与西方国家关系的正常化,调整了与苏联的外交政策,推行了全方位外交的政策,打破了欧美对华经济制裁,B,verified,OpenLMLab GAOKAO-Bench,https://github.com/OpenLMLab/GAOKAO-Bench,2016,全国,高考真题,unique,valid,pending,,,f984b0cdfb95b91c9f8519f8ddbb1ca35f64576e8c7047e8614641240f6126bc
CHIS_000169,GROUP_GAOKAO_BENCH_2016_0169,,"( 4分)德国文学家歌德说,罗马法 “如同潜入水下的一只鸭子,虽然一次次 将自己隐藏于波光水影之下,但却从来没有消失,而且总是一次次抖擞精神 地重新出现 ”,对此的正确理解应是,罗马法( )",是近代欧洲大陆国家法律的基础,为欧洲近代社会确立了行为规范,所维护的民主制度历史影响深远,不断地改变了欧洲历史发展方向,A,verified,OpenLMLab GAOKAO-Bench,https://github.com/OpenLMLab/GAOKAO-Bench,2016,全国,高考真题,unique,valid,pending,,,9683e98148ca6a364cc8613952e92de7f1fa41df35dbab554e64f2d12d398c51
CHIS_000170,GROUP_GAOKAO_BENCH_2016_0170,,"(4分)1702年英国国王威廉三世去世 ,安妮女王继位 ,当时议会内部存在 两个党派 ,安妮厌恶占多数席位的辉格党 ,于是解除了辉格党人的行政要职 , 代之以托利党人。这说明当时在英国( )",议会无权制裁国王,君主立宪制尚未完成,内阁制已基本确立,《权利法案》遭到破坏,B,verified,OpenLMLab GAOKAO-Bench,https://github.com/OpenLMLab/GAOKAO-Bench,2016,全国,高考真题,unique,valid,pending,,,decceda9a6c6c46e6227daeb0419c8241446a05c8e3942e017d4da75ee48fa39
CHIS_000171,GROUP_GAOKAO_BENCH_2016_0171,,( 4分) 成立时间 名称 1955 国际茶业委员会 1960 石油输出国组织 1962 可可生产者联盟 1970 天然橡胶生产者协会 推动表中所列国际组织出现的主要因素是( ),发达国家经济高速增长造成的资源紧缺,新兴独立国家应对不利的国际经济秩序,经济全球化开始扩展到生产领域,经济区域集团化取得显著成就,B,verified,OpenLMLab GAOKAO-Bench,https://github.com/OpenLMLab/GAOKAO-Bench,2016,全国,高考真题,unique,valid,pending,,,1f72f2ffe28f3e62ea6347a77ca2b5cfdb486cecbf01518d8865366f078bc33f
CHIS_000172,GROUP_GAOKAO_BENCH_2016_0172,,"(4分)1947年,美国国务卿马歇尔提出援助欧洲复兴计划 ,并督促欧洲国 家方面首先拟定一项联合性质的计划,要求该计划即使不能得到所有欧洲国 家的同意,也应征得一部分国家的同意,马歇尔计划体现出来的美国对欧政 策( )",有利于煤钢联营的建立,促成了欧洲平等伙伴关系,导致欧洲出现对峙,成为德国分裂的根源,A,verified,OpenLMLab GAOKAO-Bench,https://github.com/OpenLMLab/GAOKAO-Bench,2016,全国,高考真题,unique,valid,pending,,,95862b3a78090a6590bddbfc5c77d5110ebd59c22b58a8acbfc3006029650707
CHIS_000173,GROUP_GAOKAO_BENCH_2016_0173,,"( 4分)两汉实行州郡推荐,朝廷考试任用的察举制;经魏晋九品中正制, 至隋唐演变为自由投考,差额录用的科举制,科举制更有利于( )",选拔最优秀的官吏,鉴别官员道德水平,排除世家子弟入仕,提升社会文化水平,D,verified,OpenLMLab GAOKAO-Bench,https://github.com/OpenLMLab/GAOKAO-Bench,2016,全国,高考真题,unique,valid,pending,,,7fdbd7b5adb31fdab14a9f0839fcd3f9f9c9c0c3015fda2be2b417ea7a438b13
CHIS_000174,GROUP_GAOKAO_BENCH_2016_0174,,"( 4分)宋代,有田产的 “主户 ”只占民户总数 20%左右,其余大都是四处租 种土地的 “客户 ”。导致这种状况的重要因素是( )",经济严重衰退,土地兼并严重,坊市制度崩溃,政府管理失控,B,verified,OpenLMLab GAOKAO-Bench,https://github.com/OpenLMLab/GAOKAO-Bench,2016,全国,高考真题,unique,valid,pending,,,87ab40b9b0d8c9fe57dc8aee8e98d11fe57bfbb4856ce07268535b8796c36113
CHIS_000175,GROUP_GAOKAO_BENCH_2016_0175,,"( 4分)福建各地族谱中大量关于入台族裔回乡请祖先牌位赴台的记载,此 类现象在清乾隆年间骤然增多,这说明乾隆年间( )",族谱编修顺应了移民的需求,大量移民已在台湾安居繁衍,内地宗族开始整体迁移台湾,两岸居民正常往来受到阻碍,B,verified,OpenLMLab GAOKAO-Bench,https://github.com/OpenLMLab/GAOKAO-Bench,2016,全国,高考真题,unique,valid,pending,,,896e889fe42d6db78d9328a79fccaaa4712d0bfa9f83803f04e02290ad86d884
CHIS_000176,GROUP_GAOKAO_BENCH_2016_0176,,"( 4分) 1930年,鄂豫皖革命根据地英山县水稻单位面积产量增加二三成, 有的甚至达到五成,出现 “赤色区米价一元一斗,白色区一元只能买四五升 ” 的情况。这主要是因为根据地( )",农民生产的积极性高涨,红军英勇奋战保卫农民生产,政治主要精力用于增产,人民打破国民党的经济封锁,A,verified,OpenLMLab GAOKAO-Bench,https://github.com/OpenLMLab/GAOKAO-Bench,2016,全国,高考真题,unique,valid,pending,,,daa95e7ab17560123dd8c0f5319b6cca4a4f65f297817b203b000282920b81e6
CHIS_000177,GROUP_GAOKAO_BENCH_2016_0177,,"( 4分)“一五 ”计划期间,我国住宅建设占基本建设投资额的比重不断减少 , 其他非生产性建设投资也开始受到抑制。这表明我国( )",致力于奠定工业化基础,国民经济结构臻于平衡,大力压缩基本建设投资规模,城市化的进程趋于缓慢,A,verified,OpenLMLab GAOKAO-Bench,https://github.com/OpenLMLab/GAOKAO-Bench,2016,全国,高考真题,unique,valid,pending,,,2ecf481c3d3a8d44698946c5359e47ea2521052dcf9b8010929f8dbe5322d8b2
CHIS_000178,GROUP_GAOKAO_BENCH_2016_0178,,"( 4分)公元前 5世纪剧作家阿里斯托芬提到,雅典政府有时让行使警察职 能的公共奴隶,用染成红色的绳子驱使公民去参加大会。若有人因此在衣服 上留下红色痕迹,他将被处以罚款。这反映出当时的雅典( )",公民大会形同虚设,民众失去政治热情,参政是公民的义务,参政丧失民众信任,C,verified,OpenLMLab GAOKAO-Bench,https://github.com/OpenLMLab/GAOKAO-Bench,2016,全国,高考真题,unique,valid,pending,,,b6fe605c503ef55a66dba031d67052f4888b80dea4a2beb1a80bb041d367388e
CHIS_000179,GROUP_GAOKAO_BENCH_2016_0179,,"(4分)英国 18世纪人口死亡率明显下降 ,但1816年以后死亡率上升 。1831 ~1841年,工厂集中的伯明翰每千人死亡率由 14.6上升到 27.2,利物浦由 21 上升到 34.8.造成上述情况发生的重要原因是( )",人口膨胀食物短缺,城市环境日益恶化,化学工业污染严重,医疗技术水平下降,B,verified,OpenLMLab GAOKAO-Bench,https://github.com/OpenLMLab/GAOKAO-Bench,2016,全国,高考真题,unique,valid,pending,,,b34bdb0a87c136189d85127261e0d023f43e6c64276cf18129e41f56d9a8fdd2
CHIS_000180,GROUP_GAOKAO_BENCH_2016_0180,,"( 4分) 1928年,苏联开始实施第一个五年计划,并未受到美国人的关注 , 四年以后这种情况发生变化,美国出版了大量关于苏联的著作,如《俄罗斯 的黎明》《俄国今日:我们从中学到什么?》。当时苏联吸引美国人的主要 是( )",经济危机造成的破坏较小,工业化取得显著成就,农业集体化保证城市供应,公有制显示出优越性,B,verified,OpenLMLab GAOKAO-Bench,https://github.com/OpenLMLab/GAOKAO-Bench,2016,全国,高考真题,unique,valid,pending,,,c55222a8a67f208155fdcd2e5f8901c44fc0de6e41e73be2be0070db7f6a6bee
CHIS_000181,GROUP_GAOKAO_BENCH_2016_0181,,"( 4分) 20世纪 50年代中期,美国一位著名黑人爵士乐演唱家,在美国新 闻署的资助和安排下,多次赴美洲等地巡演,赢得了大量歌迷,很多人通过 她的演唱知道了美国。美国政府机构支持该演唱家海外巡演的主要目的是( )",争取国内黑人选民支持,展示美国的经济实力,抵制不结盟运动的发展,与苏联争夺中间地带,D,verified,OpenLMLab GAOKAO-Bench,https://github.com/OpenLMLab/GAOKAO-Bench,2016,全国,高考真题,unique,valid,pending,,,7d584a418014d7a3921407a3867aa3c6ab41b5389f819e6c98a286cc0d3034f5
CHIS_000182,GROUP_GAOKAO_BENCH_2016_0182,,"(4分)周代青铜器上的铭文与商代相比,字数越来越多,语句也愈加格式化。 这些铭文大都记述个人业绩,追颂祖先功德,希冀子孙保用。这表明西周时 ()",创造了一种全新的文字体系,形成了重视历史传承的风尚,宗法制度受到了严重的挑战,青铜器的功用发生重大改变,B,verified,OpenLMLab GAOKAO-Bench,https://github.com/OpenLMLab/GAOKAO-Bench,2016,全国,高考真题,unique,valid,pending,,,93f93f10536c7c8314d1b6bdb0341861bf6dca946c9216fc344c5240c38d5dfc
CHIS_000183,GROUP_GAOKAO_BENCH_2016_0183,,"(4分)东汉王充在《论衡》中说:“萧何入秦,收拾文书(国家档案文献), 汉所以能制九州者,文书之力也。”其意在说明,西汉成功地实现对全国的统 治,是因为汉初()",实行了崇尚儒家的政策,继承了秦朝的基本制度,未能充分发挥文书功能,官吏熟知秦朝典章制度,B,verified,OpenLMLab GAOKAO-Bench,https://github.com/OpenLMLab/GAOKAO-Bench,2016,全国,高考真题,unique,valid,pending,,,b84980f2439b1bf43faa796bb3d8555daba643c2ffa6eccc5a0e2f4d00623ce7
CHIS_000184,GROUP_GAOKAO_BENCH_2016_0184,,"(4分)唐太宗对南朝后期竞相模仿萧子云书法的风气表示不屑,认为其“仅 得成书,无丈夫之气”,只有王羲之的书法才“尽善尽美”,于是连西州(今吐 鲁番)幼童习字的范本都是王羲之书帖。王羲之在中国书法史地位的确立, 是因为()",皇帝好恶决定社会对艺术的评判,王羲之的艺术成就不可超越,艺术水平与时代选择的共同作用,朝代更替影响艺术评判标准,C,verified,OpenLMLab GAOKAO-Bench,https://github.com/OpenLMLab/GAOKAO-Bench,2016,全国,高考真题,unique,valid,pending,,,5265c4ddc0de58b8d1e0aa95a5e2a6c99eec79293474419de1fa59be1efd9362
CHIS_000185,GROUP_GAOKAO_BENCH_2016_0185,,"(4分)明末有人描述江南农村的变化时说,百年前的雇工“戴星出入,俗柔 顺而主令尊”,如今“骄惰成风,非酒食不能劝”“夏必加下点心,冬必与早粥”。 这一变化反映了()",农业中人身依附关系强化,政府积极推行重农政策,市镇经济与手工业的发展,奢靡风气瓦解传统伦理,C,verified,OpenLMLab GAOKAO-Bench,https://github.com/OpenLMLab/GAOKAO-Bench,2016,全国,高考真题,unique,valid,pending,,,b78c09ba587439f1a935898ecb3848bbd86945d61d138c8b060ec7a66af1ff10
CHIS_000186,GROUP_GAOKAO_BENCH_2016_0186,,"(4分)1903年,张之洞等拟《奏定学堂章程》,其中规定禁止使用“团体”“膨 胀”“舞台”“影响”“组织”“运动”“报告”“观念”等新名词,其根本目的在于()",抵制维新思想的传播,保证民族语言的纯洁性,反对向西方学习,维护传统的意识形态,D,verified,OpenLMLab GAOKAO-Bench,https://github.com/OpenLMLab/GAOKAO-Bench,2016,全国,高考真题,unique,valid,pending,,,2db44eed47ab59fe83a668e36c78bed68b2eb7495944ac9a9ca9ff95645c6c60
CHIS_000187,GROUP_GAOKAO_BENCH_2016_0187,,"(4分)1980年与1975年相比,我国粮食播种面积减少6884万亩,总产量 却增加674亿斤;棉花播种面积减少53万亩,总产量却增加652万担;油 料作物和甜菜播种面积共扩大3626万亩,其总产量分别增加70%和 150%.出现这一现象的主要原因是()",农民生产自主权的扩大,农业生产技术有了革命性的改变,农村经济体制改革完成,国家取消对农副产品的统销政策,A,verified,OpenLMLab GAOKAO-Bench,https://github.com/OpenLMLab/GAOKAO-Bench,2016,全国,高考真题,unique,valid,pending,,,70e182491f18e214645bc38a8567af34aea6628f24a06b18f062b23b9ff3312b
CHIS_000188,GROUP_GAOKAO_BENCH_2016_0188,,"(4分)古希腊悲剧《被缚的普罗米修斯》讲述的是,普罗米修斯为人类盗取 火种而遭到主神宙斯的惩罚的故事,剧中借普罗米修斯之口说:“说句老实话, 我憎恨所有的神”该剧深受雅典人的喜爱,这反映当时雅典人()",宗教意识淡薄,反对神灵崇拜,注重物质生活,强调人的价值,D,verified,OpenLMLab GAOKAO-Bench,https://github.com/OpenLMLab/GAOKAO-Bench,2016,全国,高考真题,unique,valid,pending,,,3c7a7a65ba7ee4fe66f6ce70891e9fb49bc1a98d2c31d3cafa3faa677f827cbb
CHIS_000189,GROUP_GAOKAO_BENCH_2016_0189,,"(4分)19世纪60年代,总长超过3万英里的美国铁路有多种轨距。南部 铁路轨距以5英尺居多,北部最普遍的轨距是4.9英尺,部分地区还采用6 英尺、5.6英尺的轨距。这反映当时美国()",尚未形成成熟的统一国内市场,铁路是经济增长的主导部门,科技水平限制了制造业的发展,战争破坏了基础交通设施建设,A,verified,OpenLMLab GAOKAO-Bench,https://github.com/OpenLMLab/GAOKAO-Bench,2016,全国,高考真题,unique,valid,pending,,,e08a5bfdad5f4f06737d65c125c74decc741c023cd358baa5237797b7c9c9f80
CHIS_000190,GROUP_GAOKAO_BENCH_2016_0190,,"(4分)1875年以后,法国确立了共和政体,议会处于政治运行的中心,党 派林立,内阁更迭频繁。1958年,戴高乐就任总统,修改宪法,规定总统拥有任命总理、解散议会等权利。这一政治体制的变化()",有利于政局稳定,确定了总统国家元首的地位,剥夺了议会的主要权力,有助于两党制的形成,A,verified,OpenLMLab GAOKAO-Bench,https://github.com/OpenLMLab/GAOKAO-Bench,2016,全国,高考真题,unique,valid,pending,,,4194d3f23652e57337c19816ecc6379d70d8ad1e941d230d0ed2776ec3e1bb98
CHIS_000191,GROUP_GAOKAO_BENCH_2015_0191,,"( 3分)《吕氏春秋 •上农》在描述农耕之利时不无夸张地说:一个农夫耕种 肥沃的土地可以养活九口人,耕种一般的土地也能养活五口人。战国时期农 业收益的增加( )",导致畜力与铁制农具的使用,抑制了手工业和商业的发展,促进了个体小农经济的形成,阻碍了大土地所有制的成长,C,verified,OpenLMLab GAOKAO-Bench,https://github.com/OpenLMLab/GAOKAO-Bench,2015,全国,高考真题,unique,valid,pending,,,1f14056fd5ef1a4f4df0dbeb93fd30649346eb06505affd8a8adbf4edc5a1118
CHIS_000192,GROUP_GAOKAO_BENCH_2015_0192,,"( 3分)两汉时期,皇帝的舅舅、外祖父按例封侯;若皇帝幼小,执政大臣 也主要从他们之中选择 。这被当时人视为 “安宗庙,重社稷 ”的“汉家之制 ”。汉 代出现外戚干政的背景是( )",皇帝依靠外戚抑制相权,“家天下 ”观念根深蒂固,母族亲属关系受到重视,刘氏同姓诸侯王势力强大,C,verified,OpenLMLab GAOKAO-Bench,https://github.com/OpenLMLab/GAOKAO-Bench,2015,全国,高考真题,unique,valid,pending,,,bda97a75502fdcccc62f61afc03767d466b243fe80e18693ffe20f345bbed8fb
CHIS_000193,GROUP_GAOKAO_BENCH_2015_0193,,"( 3分)宋代东南沿海地区出现了一些民间崇拜,如后来被视为海上保护神 的妈祖、被视为妇幼保护神的临水夫人等,这些崇拜得到朝廷认可,后世影 响不断扩大。这反映出( )",朝廷不断鼓励海洋开发,女性地位逐渐得到提高,东南沿海经济社会影响力上升,统治思想与民众观念趋向一致,C,verified,OpenLMLab GAOKAO-Bench,https://github.com/OpenLMLab/GAOKAO-Bench,2015,全国,高考真题,unique,valid,pending,,,67f92ebb71165ff900951ce7d4a69ac4c5b79d1a1df49f1e67f74761202b2010
CHIS_000194,GROUP_GAOKAO_BENCH_2015_0194,,( 3分)下表呈现的变化反映了( ) 河南、江苏两地科举考试状元人数表 唐 宋 明 清 河南 15 16 2 1 江苏 7 8 17 49,理学的影响力不断扩大,经济发展促进文化兴盛,中原地区经济急剧衰退,政治重心南移趋势明显,B,verified,OpenLMLab GAOKAO-Bench,https://github.com/OpenLMLab/GAOKAO-Bench,2015,全国,高考真题,unique,valid,pending,,,a46698930f082815212e48b821c3040a275f09e610950b203d1e3db8cb89453c
CHIS_000195,GROUP_GAOKAO_BENCH_2015_0195,,"( 3分) 1852年,一位在华英国人在报告中称,英国商人运往伦敦的中国生 丝是以 “无用的 ”曼彻斯特上等棉布包装的。而在此之前,用于包装的主要是 中国产的土布。包装布的这种变化反映了当时( )",中国的土布质量粗糙,英国棉布价格更具优势,中国生丝在英国畅销,英国棉布在中国滞销,D,verified,OpenLMLab GAOKAO-Bench,https://github.com/OpenLMLab/GAOKAO-Bench,2015,全国,高考真题,unique,valid,pending,,,cd1603af8fed4ec461a4a87559a02b5fce6875856398d000f76459b377196b8b
CHIS_000196,GROUP_GAOKAO_BENCH_2015_0196,,"( 3分)《申报》“时评 ”栏目曾评述说: “今之时局,略似春秋战国时之分裂 。 中央政府之对于各省,犹东周之对于诸侯也。南北相攻,皖直交斗,滇蜀不 靖,犹诸侯相侵伐也。 ”这一时局出现在( )",太平天国运动时期,义和团运动时期,辛亥革命时期,北洋军阀统治时期,D,verified,OpenLMLab GAOKAO-Bench,https://github.com/OpenLMLab/GAOKAO-Bench,2015,全国,高考真题,unique,valid,pending,,,db6b7828844f5f26968a5809bb05c16dba303e4226d17f8f0cb23db398fa515f
CHIS_000197,GROUP_GAOKAO_BENCH_2015_0197,,"( 3分) 18世纪中叶,一位英国内阁成员在议会发言中说: “诸位都知道, 媾和与开战的权力是由国王掌握的 ......我们的宪法始终表明,国王在决定和 平与战争时有权利让议会参与,也有权利不让议会参与。没有哪位明智的国 王真的会冒险不让议会参与。 ”这表明在当时的英国( )",光荣革命成果受到侵蚀,立宪政体未能阻止国王专权,内阁依旧为国王所控制,国王仍旧保留某些名义权力,D,verified,OpenLMLab GAOKAO-Bench,https://github.com/OpenLMLab/GAOKAO-Bench,2015,全国,高考真题,unique,valid,pending,,,bbd63c78a383b62571cb52eb0ce4be65c9068e761cfd8c5f881fed57bd622270
CHIS_000198,GROUP_GAOKAO_BENCH_2015_0198,,"( 3分) 1935年8月,美国国会通过法案, 其中规定凡年满 65岁的退休人 员,根据原工资水平每月可获得一定数额的养老金。与该规定属于同一法案 的是( )",制订公平经营章程,建立失业保险制度,提供农副产品补贴,规定最低工资水平,B,verified,OpenLMLab GAOKAO-Bench,https://github.com/OpenLMLab/GAOKAO-Bench,2015,全国,高考真题,unique,valid,pending,,,73e799ed6dba9362ffdca69f1269f643de12354406fb28d180c1ce74f7b857ff
CHIS_000199,GROUP_GAOKAO_BENCH_2015_0199,,"( 3分)世界银行在 1968年的贷款项目为 62个,贷款总额为 9.5亿美元; 1981年贷款项目为 266个,贷款总额为 124亿美元。出现这一变化是因为( )",新兴独立国家大量增加,各国关税税率明显降低,美国西欧经济实力下降,世界贸易组织大力推动,A,verified,OpenLMLab GAOKAO-Bench,https://github.com/OpenLMLab/GAOKAO-Bench,2015,全国,高考真题,unique,valid,pending,,,95b1d792ee01f1d2f7daddb8f129a4b2f125f5a4ae49955663263f713e907482
CHIS_000200,GROUP_GAOKAO_BENCH_2015_0200,,"(3分)古代儒家学者批评现实政治 ,往往称颂夏 、商、周“三代 ”之美,甚至 希望君主像尧、舜一样圣明。这表明了儒者( )",不能适应现实政治,反对进行社会变革,理想化的政治诉求,以复古为政治目标,C,verified,OpenLMLab GAOKAO-Bench,https://github.com/OpenLMLab/GAOKAO-Bench,2015,全国,高考真题,unique,valid,pending,,,6bf13d821db9a1e9a08fc3579223182097bd17e2ad9dcf91c6b92ee83b36586f
CHIS_000201,GROUP_GAOKAO_BENCH_2015_0201,,"( 3分)汉宣帝曾称: “与朕共治天下者,其唯良二千石(郡太守 )乎! ”后来 的帝王反复重申上述观念。这主要体现了( )",地方吏治是国家安定的重要因素,中央集权与地方分权之间的矛盾,汉代地方行政制度为后代所沿用,历代帝王将汉宣帝作为治国榜样,A,verified,OpenLMLab GAOKAO-Bench,https://github.com/OpenLMLab/GAOKAO-Bench,2015,全国,高考真题,unique,valid,pending,,,494d6b97e93a855999e0911059483e83384f7f7116ef9e07fd1662018ee970d5
CHIS_000202,GROUP_GAOKAO_BENCH_2015_0202,,"( 3分)唐宋时期,江南经济迅猛发展,南宋时全国经济重心已移至江南。 促成这一转变的主要动力之一是( )",坊市制度瓦解,土地集中加剧,农业技术进步,海外贸易拓展,C,verified,OpenLMLab GAOKAO-Bench,https://github.com/OpenLMLab/GAOKAO-Bench,2015,全国,高考真题,unique,valid,pending,,,542e35a418253f9f08b9887654f0e5354773fb362a6c6cedd0978f17b0d74dc6
CHIS_000203,GROUP_GAOKAO_BENCH_2015_0203,,"(3分)明成祖朱棣认为 ,北京 “山川形胜 ,足以控四夷 ,制天下 ”,将都城从 南京迁至北京。这一举措客观上( )",推动了国家政治统一进程,促进了跨区域贸易的繁荣,抑制了区域性商帮的形成,改变了南北经济文化格局,B,verified,OpenLMLab GAOKAO-Bench,https://github.com/OpenLMLab/GAOKAO-Bench,2015,全国,高考真题,unique,valid,pending,,,2c51da1ed5c0104726e17fd53a713f3fc94295e620ec0a7f7ab0c64774e6998a
CHIS_000204,GROUP_GAOKAO_BENCH_2015_0204,,"( 3分)奕䜣力倡洋务,又因在兄弟中排行第六,被称为 “鬼子六 ”;洋务派官 员丁日昌被称为 “丁鬼奴 ”;郭嵩焘在一片冷嘲热讽中出任第一任驻英公使。 这反映了( )",洋务运动与传统的观念发生冲突,崇洋媚外行为遭到社会鄙视,洋务派改器物不改制度受到批判,西方列强侵略激起国人抵制,A,verified,OpenLMLab GAOKAO-Bench,https://github.com/OpenLMLab/GAOKAO-Bench,2015,全国,高考真题,unique,valid,pending,,,047119cdf19bb209372e76e374133f8a5d35576e4f435793d05b55fcc63d7f3a
CHIS_000205,GROUP_GAOKAO_BENCH_2015_0205,,"( 3分)康有为在《新学伪经考》中认为,被奉为儒家经典的古文经实系伪 造。 1891年该书刊印后风行国内,但很快遭到清政府禁毁。这主要是因为该 书旨在( )",揭露历史真相,引介西方理论,倡导变法维新,颠覆孔孟学说,C,verified,OpenLMLab GAOKAO-Bench,https://github.com/OpenLMLab/GAOKAO-Bench,2015,全国,高考真题,unique,valid,pending,,,f5aeed0233b9508b6829f947a74db92a56ceb23d19b8d21d0cd11cc28079c387
CHIS_000206,GROUP_GAOKAO_BENCH_2015_0206,,"( 3分)1938年,日本侵略者在北平设立 “中国联合准备银行 ”,发行 “联银券 ”,流通于平、津、鲁、豫等地;同时还发行了大量不具备货币性质的 “军用 票”,流通于市场。日本侵略者上述行径的目的是( )",扰乱国统区金融秩序,转嫁战争负担,封锁抗日根据地经济,强化物资管制,B,verified,OpenLMLab GAOKAO-Bench,https://github.com/OpenLMLab/GAOKAO-Bench,2015,全国,高考真题,unique,valid,pending,,,9a8c293e7048dd6d80339a0abece62021a46ceecc46f5297ed1a9254f87f990b
CHIS_000207,GROUP_GAOKAO_BENCH_2015_0207,,"( 3分)到1952年底,新中国已建立多所俄文专科学校,北京大学、清华大 学等多所高校和一批中学开设了俄文课程,许多中小城镇也掀起了学习俄语 的热潮。这是我国当时( )",外交政策转变的需要,计划经济体制的需要,文化教育改革的需要,国家发展战略的需要,D,verified,OpenLMLab GAOKAO-Bench,https://github.com/OpenLMLab/GAOKAO-Bench,2015,全国,高考真题,unique,valid,pending,,,cd480c22f30c31aef298d3ebce413961c956cf118e186bc6cca804209cce548f
CHIS_000208,GROUP_GAOKAO_BENCH_2015_0208,,"( 3分)17世纪 60年代,茶叶在英国只是上流社会的消费品 ;到18世纪末, 茶叶已成为普通民众的日常消费品。这反映了当时的英国( )",等级观念明显淡化,崇尚东方的生活方式,贫富差距日益缩小,扩大了与东方的贸易,D,verified,OpenLMLab GAOKAO-Bench,https://github.com/OpenLMLab/GAOKAO-Bench,2015,全国,高考真题,unique,valid,pending,,,c5bab616bdddec1787124434f108963aa70ee0df2e0b76e436456206ab7a999c
CHIS_000209,GROUP_GAOKAO_BENCH_2015_0209,,"( 3分)由下表可以推知, 19世纪 70年代到 20世纪初( ) 英、美、法、德工业生产总和在世界工业生产中所占比例表 年代 1870 1896~1900 1913 比例 78% 74% 72%",欧美发达国家已经开始盛极而衰,世界各地的工业化有所发展,世界各国工业发展差距明显缩小,世界经济结构发生重大变化,B,verified,OpenLMLab GAOKAO-Bench,https://github.com/OpenLMLab/GAOKAO-Bench,2015,全国,高考真题,unique,valid,pending,,,40f13078d926b24ca5988ba51a5d359063ee039c314432f97a023e62382afc25
CHIS_000210,GROUP_GAOKAO_BENCH_2015_0210,,"( 3分)1930年苏联粮食产量为 835. 4亿千克, 1931年降至 694. 8亿千克; 1930年苏联粮食出口 483亿千克, 1931年增至 518亿千克。这表明苏联( )",人民为国家工业化建设作出贡献,农业投入不足造成粮食供不应求,粮食减产严重制约工业发展速度,农业集体化影响农民生产积极性,A,verified,OpenLMLab GAOKAO-Bench,https://github.com/OpenLMLab/GAOKAO-Bench,2015,全国,高考真题,unique,valid,pending,,,16c2063add5a006c436e747112465b3a32fcf75fe81331fb07f7c8480165c012
CHIS_000211,GROUP_GAOKAO_BENCH_2015_0211,,"( 3分)如果以 “两极格局的确立与解体 ”为题撰写专著,贯穿全书的主线应 该是,美苏两国( )",根本利益的趋同,军事冲突的加剧,国家实力的消长,敌对意识的淡化,C,verified,OpenLMLab GAOKAO-Bench,https://github.com/OpenLMLab/GAOKAO-Bench,2015,全国,高考真题,unique,valid,pending,,,fb681ecf312636011b41cc0d9edcbe295973e6b81fdf9c977b7c34fb23b0d5f9
CHIS_000212,GROUP_GAOKAO_BENCH_2014_0212,,"(4分)中国古代 ,“天”被尊为最高神 。秦汉以后 ,以“天子 ”自居的皇帝举行 祭天大典 ,表明自己 “承天 ”而“子民 ”,官员、百姓则祭拜自己的祖先 。这反映 了秦汉以后( )",君主专制缘于宗教权威,政治统治借助于人伦秩序,皇权至上促成祖先崇拜,祭天活动强化了宗法制度,B,verified,OpenLMLab GAOKAO-Bench,https://github.com/OpenLMLab/GAOKAO-Bench,2014,全国,高考真题,unique,valid,pending,,,f135f08e5cc2dcb4745d7315a98fb04cd03e485f1b730144d0b2922ae6c6ba1b
CHIS_000213,GROUP_GAOKAO_BENCH_2014_0213,,"( 4分)唐高祖李渊自认为是老子后裔,规定老子地位在孔子之上,佛教位 居第三;武则天时明令佛教位在道教之上;后来唐武宗又大规模地 “灭佛 ”。 这反映出唐代( )",帝的好恶决定宗教兴亡,佛教的社会影响最大,儒学的政治地位最为稳固,佛教的社会基础薄弱,C,verified,OpenLMLab GAOKAO-Bench,https://github.com/OpenLMLab/GAOKAO-Bench,2014,全国,高考真题,unique,valid,pending,,,c9ec524afa5cbc0fca4acea998f886ad07690aa874bf205e9698d1781b52bb71
CHIS_000214,GROUP_GAOKAO_BENCH_2014_0214,,"( 4分)人性是先秦以来一直讨论的问题。基于对人性的新认识,宋明理学 家主张 “存天理,灭人欲 ”,他们认为人性( )",本质是善,本质为恶,非善非恶,本善习远,D,verified,OpenLMLab GAOKAO-Bench,https://github.com/OpenLMLab/GAOKAO-Bench,2014,全国,高考真题,unique,valid,pending,,,a2ca73bdbe1ae5d06513308cdb902298258f93d3116062308166d402069ac38b
CHIS_000215,GROUP_GAOKAO_BENCH_2014_0215,,"( 4分)据记载,清初实施海禁前, “市井贸易,咸有外国货物,民间行使多 以外国银钱,因而各省流行,所在皆有 ”。这一记载表明当时( )",中国在对外贸易中处于优势地位,外来货币干扰了中国资本市场,自然经济受到进口货物的冲击,民间贸易发展冲击清廷的统治,A,verified,OpenLMLab GAOKAO-Bench,https://github.com/OpenLMLab/GAOKAO-Bench,2014,全国,高考真题,unique,valid,pending,,,d4ceeda0ee84199dfcaf1ac88e740426776f59df2238892fc216eac19bd47cd8
CHIS_000216,GROUP_GAOKAO_BENCH_2014_0216,,"( 4分)据研究, 1853年,印度人均消费英国棉纱、 棉布 9.09便士,而中国 是0.94便士。这反映出当时中国( )",经济受到鸦片战争的破坏,实行保护本国经济的政策,经济的发展水平低于印度,传统的小农经济根深蒂固,D,verified,OpenLMLab GAOKAO-Bench,https://github.com/OpenLMLab/GAOKAO-Bench,2014,全国,高考真题,unique,valid,pending,,,0e91408fe707671b076aa342444a478ffd0f8aa923515698b913a033c1a84b93
CHIS_000217,GROUP_GAOKAO_BENCH_2014_0217,,"( 4分) 1898年,梁启超等联合百余举人上书,请废八股取士之制。参加会 试的近万名举人 ,“闻启超此举 ,嫉之如不共戴天之仇 ,遍播谣言 ,几被殴击 ”。这一事件的发生表明( )",废八股断送读书人政治前途,改制缺乏广泛的社会基础,知识分子在政治上极为保守,新旧学之间矛盾不可调和,B,verified,OpenLMLab GAOKAO-Bench,https://github.com/OpenLMLab/GAOKAO-Bench,2014,全国,高考真题,unique,valid,pending,,,3de0deb4fdc7ada1827ca29c64869fa7690f6bb2e4e7f6092ce74c894eb1d0d8
CHIS_000218,GROUP_GAOKAO_BENCH_2014_0218,,"(4分)20世纪 20年代,上海成为中国电影的制作中心 ,当时上海放映的各 种影片中, 外国片与国产片比例约为 2:1;而北京和天津, 这一比例高达 5: 1甚至 6:1.上海与京津放映中外电影比例不同 ,能够说明这一现象的应是 ( )",外国电影制作水平较高,京津民众对外来事物更具热情,中国电影拷贝流通税费重,上海民众的社会心态更为开放,C,verified,OpenLMLab GAOKAO-Bench,https://github.com/OpenLMLab/GAOKAO-Bench,2014,全国,高考真题,unique,valid,pending,,,d12d23f3a1ae24312a43678f808c81b229f680b0a1da36f46b4c1ea69c06c2af
CHIS_000219,GROUP_GAOKAO_BENCH_2014_0219,,"(4分)“一五 ”计划期间 ,我国实行粮食计划供应制度 ,各地根据国家粮食计 划供应的相关规定,以户籍为依据制定粮食供应的对象与数量。这一制度的 实行( )",有利于资本主义工商业改造,保障工业化战略实施,缓解灾害造成的粮食短缺,加速国民经济的恢复,B,verified,OpenLMLab GAOKAO-Bench,https://github.com/OpenLMLab/GAOKAO-Bench,2014,全国,高考真题,unique,valid,pending,,,f7be6183ec773572ac5e85939c980738c14b4a8c6ba86b6f4a9e84c62ef64f03
CHIS_000220,GROUP_GAOKAO_BENCH_2014_0220,,"( 4分)根据美国 1787年宪法,众议员名额按照各州人口比例分配,各州 人口数 “按自由人总数加上所有人口的五分之三予以确定 ”。这一规定违背了 《 独立宣言》中提倡的( )",主权在民原则,天赋人权原则,各州自治原则,各州平等原则,B,verified,OpenLMLab GAOKAO-Bench,https://github.com/OpenLMLab/GAOKAO-Bench,2014,全国,高考真题,unique,valid,pending,,,5e946383c257a23c049b1cfb40744c000a4a363b58c1bdcaaf884af48da4d8f7
CHIS_000221,GROUP_GAOKAO_BENCH_2014_0221,,"(4分)1928年,苏联按照国家计划在乌拉尔地区建设两个钾矿矿井 ,一个 由苏联自主建设 ,另一个由德国公司负责 。这反映出苏联在工业化初期 ( )",缺少基本的技术基础,突破了计划经济指令的制约,依赖外资建设重工业,采取新经济政策的某些做法,D,verified,OpenLMLab GAOKAO-Bench,https://github.com/OpenLMLab/GAOKAO-Bench,2014,全国,高考真题,unique,valid,pending,,,8478bfdf1817fda635315c5e3c075b01646a9b12ec825e837a0664d4b5005bf0
CHIS_000222,GROUP_GAOKAO_BENCH_2014_0222,,"( 4分)有学者指出,欧元作为具有震撼力的新事物, 它的问世成为 21世 纪初欧洲甚至是国际金融领域的重大事件。欧元的巨大作用表现在( )",推动欧盟内部统一市场的发展,消除了欧盟各成员国之间的贸易壁垒,促进了欧盟对外贸易额的增加,巩固了欧洲在世界经济中的领导地位,A,verified,OpenLMLab GAOKAO-Bench,https://github.com/OpenLMLab/GAOKAO-Bench,2014,全国,高考真题,unique,valid,pending,,,189bb48c761ed7685a7e7749e4f9865a3817c54c562c06a1d2bac30a4e70aa91
CHIS_000223,GROUP_GAOKAO_BENCH_2014_0223,,"(3分)周代分封制下 ,各封国贵族按 “周礼 ”行事,学说统一的 “雅言 ”,促进 了各地文化的整合。周代的 “雅言 ”最早应起源于现在的( )",河南,河北,陕西,山东,C,verified,OpenLMLab GAOKAO-Bench,https://github.com/OpenLMLab/GAOKAO-Bench,2014,全国,高考真题,unique,valid,pending,,,62dfee3ebb17c8ec2370f0d771a3d0343afa0953b2385c09993437333b34eba2
CHIS_000224,GROUP_GAOKAO_BENCH_2014_0224,,"( 3分)秦朝法律规定,私拿养子财物以偷盗罪论处,私拿亲子财物无罪; 西晋时规定,私拿养子财物同样无罪。这一变化表明,西晋时( )",养子亲子权利相同,血缘亲情逐渐淡化,宗族利益受到保护,儒家伦理得到强化,D,verified,OpenLMLab GAOKAO-Bench,https://github.com/OpenLMLab/GAOKAO-Bench,2014,全国,高考真题,unique,valid,pending,,,170340f29e066761eb303cd1015b4dc578b756eed09280a1f66e2ebec724c52b
CHIS_000225,GROUP_GAOKAO_BENCH_2014_0225,,"( 3分)北宋中期, “蜀民以铁钱重,私为券,谓之交子,以便贸易,富民十 六户主之 。其后,富者资稍衰 ,不能偿所负 ,争讼数起 ”。这表明交子 ( )",具有民间交易凭证功能,产生于民间的商业纠纷,提高了富商的社会地位,促进了经济重心的南移,A,verified,OpenLMLab GAOKAO-Bench,https://github.com/OpenLMLab/GAOKAO-Bench,2014,全国,高考真题,unique,valid,pending,,,4d9b94662bc7fcb94acab7784b2de955f9a39d82985c089958958466c99183b9
CHIS_000226,GROUP_GAOKAO_BENCH_2014_0226,,"( 3分)明初废丞相、设顾问性质的内阁大学士,严防权臣乱政。明中后期 严嵩、张居正等内阁首辅操纵朝政,权倾一时。这表明( )",皇权渐趋衰落,君主集权加强,内阁取代六部,首辅权力失控,B,verified,OpenLMLab GAOKAO-Bench,https://github.com/OpenLMLab/GAOKAO-Bench,2014,全国,高考真题,unique,valid,pending,,,c335e4b23a93073ada7dc6122b040591f66c58e1e67359e811b293b82f69b5ef
CHIS_000227,GROUP_GAOKAO_BENCH_2014_0227,,"(3分)1892年,维新思想家宋恕提出 “欲更官制 、设议院、改试令,必自易 西服始 ”。康有为在奏议中也不止一次提及 “易服 ”。维新派如此重视易服的主 要原因是( )",改制中易服更易推行,意在营造改制的社会氛围,中国需改变对外形象,长袍马褂代表了守旧势力,B,verified,OpenLMLab GAOKAO-Bench,https://github.com/OpenLMLab/GAOKAO-Bench,2014,全国,高考真题,unique,valid,pending,,,847af805a6712fb45ff1dca348b9eeb28e90c710fb15ce0f34cdb96a3fedbf3d
CHIS_000228,GROUP_GAOKAO_BENCH_2014_0228,,"( 3分)1926年,有报纸评论说 :“自从蒋介石抬出三民主义,大出风头以后 ,许多人都觉得主义是值钱的 ,于是乎孙传芳标榜三爱 (爱国、爱民、爱敌) ,东三省有人主张三权(民权、国权、人权).听说四川有些军人到处请教 人替他们想个主义玩玩。 ”这种现象反映了当时( )",政治宣传促使各界思想趋同,标榜主义成为军阀自保的主要手段,民主思想已经成为社会潮流,各地军阀对三民主义理解存在差异,C,verified,OpenLMLab GAOKAO-Bench,https://github.com/OpenLMLab/GAOKAO-Bench,2014,全国,高考真题,unique,valid,pending,,,8764c3b146a306d05c6160239faf51a24193fb78b4888b6d6e9c5a291b7eaea4
CHIS_000229,GROUP_GAOKAO_BENCH_2014_0229,,"( 3分) 1937年11月,中国代表顾维钧在一次国际会议上说: “目前远东和 平的恢复与维护,要求其他与会各国采取道义上的、物资上的、财政和经济 上的具体行动。 ”否则,远东的暴力和动乱 “就会达到不经受另一次世界大战 的考验和磨难,就不可能制止和控制的程度 ”。他的主要目的在于( )",争取各国对华同情和帮助,警示世界大战爆发的可能性,批评列强对日的绥靖政策,敦促列强维护原有世界格局,A,verified,OpenLMLab GAOKAO-Bench,https://github.com/OpenLMLab/GAOKAO-Bench,2014,全国,高考真题,unique,valid,pending,,,d2621b7e6fc09f152b7187f80cc1bed61af82bef6e07c7387e4650ef29e4a32a
CHIS_000230,GROUP_GAOKAO_BENCH_2014_0230,,"(3分)1953年10月,中共中央决定在全国范围内实行粮食的统购统销 ,在 农村向全部农户实行粮食计划收购的政策,由国家严格控制粮食市场。粮食 的统购统销( )",加快了我国农村经济的恢复和发展,有力地促进了各地农村的政权建设,将农民经济生活纳入国家计划体制,为国家工业化建设提供劳动力资源,C,verified,OpenLMLab GAOKAO-Bench,https://github.com/OpenLMLab/GAOKAO-Bench,2014,全国,高考真题,unique,valid,pending,,,f0573718c3cc7c19b76351a9424c6208834e7324280abbe566a33acd3ecdd11d
CHIS_000231,GROUP_GAOKAO_BENCH_2014_0231,,"( 3分)罗马共和国早期,当罗马遭受外族进攻时,平民曾多次将自己组织 的队伍撤离罗马,拒绝作战。迫使贵族在政治上做出让步,《十二铜表法》 的制定就是这种斗争的成果之一。可见当时( )",贵族逐步丧失制定法律的主导地位,平民采取有效方式争取自身权益,贵族让步在法制发展中起决定作用,平面与贵族的政治诉求日趋一致,B,verified,OpenLMLab GAOKAO-Bench,https://github.com/OpenLMLab/GAOKAO-Bench,2014,全国,高考真题,unique,valid,pending,,,9af49c089af0df201cc7e7a7534cadd32e32ac50bb15c1476c27b1f7267ed65d
CHIS_000232,GROUP_GAOKAO_BENCH_2014_0232,,"( 3分)有人描述 19世纪初英国的情景时说,妇女和女孩们曾从黎明到深 夜整天不断地使用的嘤嘤作响的纺车,如今已被弃置屋隅。那些打着拍子砰 然作响的手织机也多半闲置闻。这说明( )",生产领域出现革命性变化,工业革命推动妇女解放,重工业成为国民经济主导,家庭手工业已不复存在,A,verified,OpenLMLab GAOKAO-Bench,https://github.com/OpenLMLab/GAOKAO-Bench,2014,全国,高考真题,unique,valid,pending,,,9c085bb88e192f717fb1e489ad83369ebc55f0430df193e10205a9c7c6fda7b2
CHIS_000233,GROUP_GAOKAO_BENCH_2014_0233,,"( 3分) 20世纪 30年代,美国每周有成千上万的人去电影院,轻歌曼舞的 幻想型影片备受欢迎,当红童星秀兰邓波儿通常在电影中扮演孤儿去感化富 人。这一现象( )",表明了新政已使全国重现繁荣的景象,体现了民众身陷危机淡定应对的精神,反映了民众逃避现实来求慰藉的心态,说明了现代主义艺术得到社会的认可,C,verified,OpenLMLab GAOKAO-Bench,https://github.com/OpenLMLab/GAOKAO-Bench,2014,全国,高考真题,unique,valid,pending,,,54f63a6643cf3e8d2e4322b0cd4d74616c5ff5bd157147515db04634b4f3aaac
CHIS_000234,GROUP_GAOKAO_BENCH_2013_0234,,"( 4分)在周代分封制下,墓葬有严格的等级规定。考古显示,战国时期, 秦国地区君王墓葬规模宏大,其余墓葬无明显等级差别;在经济发达的东方 六国地区,君王、卿大夫、士的墓葬等级差别明显。这表明( )",经济发展是分封制度得以维系的关键,分封制中的等级规定凸显了君主集权,秦国率先消除分封体制走向集权统治,东方六国仍严格遵行西周的分封制度,C,verified,OpenLMLab GAOKAO-Bench,https://github.com/OpenLMLab/GAOKAO-Bench,2013,全国,高考真题,unique,valid,pending,,,25d3d421a035b848d32749b845206e3934a02d1d6b7e77d4e2b4a6931ba6810f
CHIS_000235,GROUP_GAOKAO_BENCH_2013_0235,,"( 4分)自汉至唐,儒学被奉为 “周(公)孔之道 ”,宋代以后儒学多被称作 “ 孔孟之道 ”,促成这一变化的是( )",宗法血缘制度逐渐瓦解,仁政理念深入人心,程朱理学成为统治思想,陆王心学日益兴起,C,verified,OpenLMLab GAOKAO-Bench,https://github.com/OpenLMLab/GAOKAO-Bench,2013,全国,高考真题,unique,valid,pending,,,4a119ffd93e5ba6e7c9ae2b3b17026a25850baa88787d0f33c66b26cfe243360
CHIS_000236,GROUP_GAOKAO_BENCH_2013_0236,,"(4分)有学者说 ,在古代雅典 ,“政治领袖和演说家根本就是同义语 ”。这一 现象是雅典( )",政治体制的产物,社会矛盾缓和的反映,频繁改革的结果,思想文化繁荣的体现,A,verified,OpenLMLab GAOKAO-Bench,https://github.com/OpenLMLab/GAOKAO-Bench,2013,全国,高考真题,unique,valid,pending,,,360d07a2a2a9a3fd62e8f564a1209c706ff7ae0a7bd919c96d3b83653b4cb1c5
CHIS_000237,GROUP_GAOKAO_BENCH_2013_0237,,"(4分)1688年,英国议会迎立荷兰执政威廉为国王 ,并拥立他的妻子玛丽 ( 詹姆士二世的女儿)为女王,目的是( )",加强英国与荷兰的友好关系,否定王位世袭男性优先原则,通过双王相互牵制防止独裁,为光荣革命披上合法的外衣,D,verified,OpenLMLab GAOKAO-Bench,https://github.com/OpenLMLab/GAOKAO-Bench,2013,全国,高考真题,unique,valid,pending,,,88684633474ad8c7f486b9ab7f180f9bc543182fd917a51846876b300405eeb2
CHIS_000238,GROUP_GAOKAO_BENCH_2013_0238,,"(4分)恩格斯称赞一位近代科学家的研究成就是 “自然科学的独立宣言 ”,他 指的应是( )",哥白尼的 “日心说 ”否定了宗教神学崇信的 “地心说 ”,伽利略创立的实验科学推动了近代科学的发展,牛顿创立经典力学完成了科学史上的划时代飞跃,达尔文的生物进化论颠覆了关于人类起源的传统观念,A,verified,OpenLMLab GAOKAO-Bench,https://github.com/OpenLMLab/GAOKAO-Bench,2013,全国,高考真题,unique,valid,pending,,,8272173bd14d5a082c97d7e8b69c87c93cfb9a1f7642985053e2564e86caf920
CHIS_000239,GROUP_GAOKAO_BENCH_2013_0239,,"( 4分)现代化是晚清历史发展的一个趋向,最能体现这一趋向的是( )",洋务运动 -戊戌政变 -清末新政,洋务运动 -戊戌变法 -辛亥革命,鸦片战争 -中法战争 -甲午战争,太平天国运动 -义和团运动 -辛亥革命,B,verified,OpenLMLab GAOKAO-Bench,https://github.com/OpenLMLab/GAOKAO-Bench,2013,全国,高考真题,unique,valid,pending,,,432a22ed9842c7e32d8909578fb37a09f4e3bc67800a916bc6a961f822dc4c6f
CHIS_000240,GROUP_GAOKAO_BENCH_2013_0240,,"( 4分) 1928年中共六大通过的《政治议决案》指出:各省自发的农民游击 战争,只有和 “无产阶级的城市的新的革命高潮相联结起来 ”,才可能变成 “全 国胜利的民众暴动的出发点 ”。这反映了当时中共中央( )",主张走农村包围城市的革命道路,坚持以城市为中心的革命模式,重视农民战争与城市暴动的结合,认为农民阶级是取得革命胜利的主导,B,verified,OpenLMLab GAOKAO-Bench,https://github.com/OpenLMLab/GAOKAO-Bench,2013,全国,高考真题,unique,valid,pending,,,85918cab8e5f529939b570e8caed1adbd4017d82071e2778b51e2f0594e5f010
CHIS_000241,GROUP_GAOKAO_BENCH_2013_0241,,"( 4分)有些学者认为,美国总统胡佛并不是自由放任政策的典型代表,他 也对经济进行了有限的干预,且为后来的罗斯福新政提供了借鉴。胡佛采取 的干预措施是( )",斡旋劳资双方达成保持工资水平和不罢工的协议,通过霍利 -斯穆特法以提高关税和保护国内市场,发起自愿减少耕地运动以维持农产品价格,成立复兴金融公司向一些银行和公共工程贷款,D,verified,OpenLMLab GAOKAO-Bench,https://github.com/OpenLMLab/GAOKAO-Bench,2013,全国,高考真题,unique,valid,pending,,,b0d46fefdbea74f28f18fac8c754ca7d4ab5a8ebe8f598030cd90e63dfdf0df4
CHIS_000242,GROUP_GAOKAO_BENCH_2013_0242,,"( 4分) 1950年,法国提出欧洲应该超越国家的藩篱联合起来。这一建议得 到联邦德国等国家的支持,但英国等一些国家反对成立超国家的机构,只有 法、德、意等六国实现了联合。六国率先实现联合的直接原因是这些国家( )",屡遭战争重创,社会制度相同,发展水平相近,历史上关系紧密,A,verified,OpenLMLab GAOKAO-Bench,https://github.com/OpenLMLab/GAOKAO-Bench,2013,全国,高考真题,unique,valid,pending,,,46f818743520d29079e61b00bb95a7de93f80a31d77470626df904c7ec8c6e0c
CHIS_000243,GROUP_GAOKAO_BENCH_2013_0243,,"( 4分) 1952年,苏共领导人马林科夫在十九大的政治报告上指出: “今年 谷物的总收获量达到 80亿普特, 而最主要的粮食作物小麦总收获量比 1940 年增加了 48%.以前认为是最尖锐、最严重的问题 --谷物问题,就这样顺 利地解决了,彻底而永远地解决了。 ”这一论断( )",与实际情况完全相符,成为加快工业化的依据,是对农业改革的肯定,是对斯大林模式的维护,D,verified,OpenLMLab GAOKAO-Bench,https://github.com/OpenLMLab/GAOKAO-Bench,2013,全国,高考真题,unique,valid,pending,,,c2b268d6cacfcec994260af21033ccc4cc7790b261bc93b140d93ddc48a2fb60
CHIS_000244,GROUP_GAOKAO_BENCH_2013_0244,,"( 4分)有俄罗斯学者认为, 中国 20世纪 80年代的改革属于新版的苏俄新 经济政策。这一认识的依据是两者都( )",处于相似的国内外经济环境,面临着处理计划与市场的关系问题,巩固了农村的集体所有制经济,促进了社会主义工业化,B,verified,OpenLMLab GAOKAO-Bench,https://github.com/OpenLMLab/GAOKAO-Bench,2013,全国,高考真题,unique,valid,pending,,,7c33e9ed499978c29c840686fb20688f0ceb7a78ca8e7eea977351b3b93a11d1
CHIS_000245,GROUP_GAOKAO_BENCH_2013_0245,,"( 4分)司马迁著《史记》时,文献关于黄帝的记述内容不一甚至荒诞,有 人据以否定黄帝的真实性 。司马迁游历各地 ,常常遇到人们传颂黄帝的事迹 。 有鉴于此,他从文献中 “择其言尤雅者 ”,编成黄帝的事迹列于本纪之首。这 一撰述过程表明( )",《史记》关于黄帝的记录准确可信,传说一定程度上可以反映历史真实,历史文献记录应当与口头传说相印证,最完整的历史文本记录的历史最真实,B,verified,OpenLMLab GAOKAO-Bench,https://github.com/OpenLMLab/GAOKAO-Bench,2013,全国,高考真题,unique,valid,pending,,,0add047b954882e9cd926e6cce949a75fcb967f9cdbccf3c04475c46440926d5
CHIS_000246,GROUP_GAOKAO_BENCH_2013_0246,,"( 4分)汉唐制定土地法规,限制私有大土地的发展,宋代一改此法, “不抑 兼并。据此可知宋代( )",中央集权弱化,流民问题严重,土地兼并缓和,自耕小农衰退,D,verified,OpenLMLab GAOKAO-Bench,https://github.com/OpenLMLab/GAOKAO-Bench,2013,全国,高考真题,unique,valid,pending,,,f5bdb4e330e70631fd8bfa7abb9a85327df7e861b59a8a8b3d59f24f5363883d
CHIS_000247,GROUP_GAOKAO_BENCH_2013_0247,,"( 4分)明朝有人描述在广东大庾岭所见: “盖北货过南者,悉皆金帛轻细之 物;南货过北者,悉皆盐铁粗重之类。过南者月无百驮,过北者日有数千。 ” 这表明当时( )",岭南经济发展程度高于北方,岭南是商人活动的主要地区,以物易物是商贸的主要方式,区域差异造成长途贸易兴盛,D,verified,OpenLMLab GAOKAO-Bench,https://github.com/OpenLMLab/GAOKAO-Bench,2013,全国,高考真题,unique,valid,pending,,,cd246fd96bb39e9237e829cffa21c5e6460cb5c748bd595b07517803120e6074
CHIS_000248,GROUP_GAOKAO_BENCH_2013_0248,,"( 4分)清代有学者说: “古有儒、释、道三教,自明以来,又多一教,曰小 说......士大夫、农、工、商贾,无不习闻之 ,以至儿童 、妇女不识字者 ,亦皆 闻而如见之,是其教较之儒、释、道而更广也。 ”这表明( )",小说成为一种新的宗教传播载体,小说的兴起冲击了封建等级观念,市民阶层扩大推动世俗文化发展,世俗文化整合了社会的价值观念,C,verified,OpenLMLab GAOKAO-Bench,https://github.com/OpenLMLab/GAOKAO-Bench,2013,全国,高考真题,unique,valid,pending,,,d291ec4021bf441b910d96a5c7de1adb2b9bff49ac541dff6b6fae4d95aec79d
CHIS_000249,GROUP_GAOKAO_BENCH_2013_0249,,"( 4分)“蓝脸的窦尔敦盗御马,红脸的关公战长沙,黄脸的典韦白脸的曹操 ,黑脸的张飞叫喳喳。 ”京剧艺术中人物的脸谱( )",真实再现了客观历史,固化了大众的历史认知,正确评断了历史人物,提升了历史人物的价值,B,verified,OpenLMLab GAOKAO-Bench,https://github.com/OpenLMLab/GAOKAO-Bench,2013,全国,高考真题,unique,valid,pending,,,0a114d8ac4e84bf36600d4806614b577fa59d3070068b7ae2fa1d7c9dcd03d1c
CHIS_000250,GROUP_GAOKAO_BENCH_2013_0250,,"( 4分)抗日战争期间,湖北省政府曾发布《湖北省减租实施办法》,在农 村推行以 “减租 ”为内容的土地改革并取得一定成效,但未得到国民党中央的 肯定。这表明当时国民党中央( )",放弃了对农村原有土地制度的保护,阻止地方政府进行土地政策的调整,无力控制地方政府的行为,无意改变农村的生产关系,D,verified,OpenLMLab GAOKAO-Bench,https://github.com/OpenLMLab/GAOKAO-Bench,2013,全国,高考真题,unique,valid,pending,,,a5eecc7dfa9f1c596ef1d2c694075c5b3196648ae831a0cb9cfa04f365213766
CHIS_000251,GROUP_GAOKAO_BENCH_2013_0251,,"( 4分)新中国成立之初,全国各高校遵照中央政府要求开设公共必修课, 恩格斯所著《劳动在从猿到人转变过程中的作用》成为指定教科书,文化部 还举办了以 “从猿到人 ”等为宣传主题的大型科学知识展览会 。其主要目的是 ( )",构建与国家政权相适应的意识形态,确立马克思主义在全党的指导地位,用科学文化知识破除封建迷信思想,探索引导宣传舆论工作的全新形式,A,verified,OpenLMLab GAOKAO-Bench,https://github.com/OpenLMLab/GAOKAO-Bench,2013,全国,高考真题,unique,valid,pending,,,d25a0735f7d346a8ecda3f08f4ed76d4c679890a1ac4963f52906afc0934cf5c
CHIS_000252,GROUP_GAOKAO_BENCH_2013_0252,,"( 4分)公元前 340年,雅典一下层女子因亵渎神灵被控犯罪,按法律当处 死。辩护人用动情的言辞质问 :“难道你们忍心让这位阿芙罗狄特(古希腊美 丽女神)的弟子香消玉殒吗? ”这打动了陪审团。经投票,陪审法庭判其无罪 。这反映出在古代雅典( )",民主原则贯穿司法过程,妇女享有广泛政治权利,法律注重保护平民权益,司法审判缺乏严格程序,A,verified,OpenLMLab GAOKAO-Bench,https://github.com/OpenLMLab/GAOKAO-Bench,2013,全国,高考真题,unique,valid,pending,,,03d40757bf24bcee285b5f32d660384831b04fc18895e455b9f7daf7ce570f49
CHIS_000253,GROUP_GAOKAO_BENCH_2013_0253,,"( 4分)华盛顿在 1787年3月致麦迪逊的信中说: “凡是有判断能力的人 , 都不会否认对现行制度进行彻底变革是必需的。我迫切希望这一问题能在全 体会议上加以讨论。 ”这里所说的 “彻底变革 ”是指( )",革除联邦体制的弊端,建立三权分立的共和体制,废除君主立宪制,改变松散的邦联体制,D,verified,OpenLMLab GAOKAO-Bench,https://github.com/OpenLMLab/GAOKAO-Bench,2013,全国,高考真题,unique,valid,pending,,,57ffa1fd40a49214b0172f17daed4957e34619be6453cb182e79a054ef31d092
CHIS_000254,GROUP_GAOKAO_BENCH_2013_0254,,"(4分)19世纪晚期德国的现代化进程中 ,经济突飞猛进与政治民主发展滞 后形成巨大反差。出现这种现象的原因在于( )",皇权与贵族结盟掌握政权,国家分裂阻碍政治民主化,经济发展消解政治改革诉求,对外战争影响国内民主进程,A,verified,OpenLMLab GAOKAO-Bench,https://github.com/OpenLMLab/GAOKAO-Bench,2013,全国,高考真题,unique,valid,pending,,,6cd451a820fdecd4e1f856f66fc9e7cd2d87eea68442d2cadf8b76ea1dc9da4b
CHIS_000255,GROUP_GAOKAO_BENCH_2013_0255,,"( 4分) 1931年,斯大林说: “我们比先进国家落后了 50-100年,我们应 当在 10年内跑完这段距离。 ”这一思想( )",完全符合当时的苏联国情,推动了苏联经济模式的形成,与战时共产主义政策一致,延续了新经济政策的精神,B,verified,OpenLMLab GAOKAO-Bench,https://github.com/OpenLMLab/GAOKAO-Bench,2013,全国,高考真题,unique,valid,pending,,,5ff250bdfc3a38a15e997a8c204d2b4ae91ed0433d640b8ca9c5e622064426c5
CHIS_000256,GROUP_GAOKAO_BENCH_2012_0256,,"( 2分)汉武帝设置十三州刺史以监察地方,并将豪强大族 “田宅逾制 ”作为 重要的监察内容, 各地财产达 300万钱的豪族被迁到长安附近集中居住。这 表明( )",政权的政治与经济支柱是豪强大族,政治权力与经济势力出现严重分离,抑制豪强是缓解土地兼并的重要措施,经济手段是巩固专制集权的主要方式,C,verified,OpenLMLab GAOKAO-Bench,https://github.com/OpenLMLab/GAOKAO-Bench,2012,全国,高考真题,unique,valid,pending,,,f20486a0b7ffba97d225a7a65fa8cb08fcf089ff50d8f632de13c70b894084f4
CHIS_000257,GROUP_GAOKAO_BENCH_2012_0257,,"( 2分)许仙与白娘子自由相恋因法海和尚作梗终成悲剧,菩萨化身的济公 游戏人间维持正义。这些在宋代杭州流传的故事,反映出当时( )",对僧人爱憎交加的社会心态,民间思想借助戏剧广泛传播,中国文化的地域性浓厚,市民阶层的价值取向,D,verified,OpenLMLab GAOKAO-Bench,https://github.com/OpenLMLab/GAOKAO-Bench,2012,全国,高考真题,unique,valid,pending,,,5e301cc0a79fb675f236970acef0409a583e126ca06a8570739c1b87d1a5a146
CHIS_000258,GROUP_GAOKAO_BENCH_2012_0258,,"( 2分)明后期松江人何良俊记述: “(正德)以前,百姓十一在官,十九在 田......今去农而改业为工商者三倍于前矣。昔日原无游手之人,今去农而游 手趁食(谋生 )者又十之二三也。大抵以十分百姓言之,已六七分去农。 “据 此可知( )",工商业的发展造成农业的衰退,工商业的发展导致了社会结构的变动,财富分配不均引起贫富分化加剧,无业游民增加促成了工商业的发展,B,verified,OpenLMLab GAOKAO-Bench,https://github.com/OpenLMLab/GAOKAO-Bench,2012,全国,高考真题,unique,valid,pending,,,38be42cac5fa3c25b13df8b2e1c0e7d3a5aa13e14dc25072c14ff616beb7fd4b
CHIS_000259,GROUP_GAOKAO_BENCH_2012_0259,,"( 2分)理学家王阳明说: “士以修治,农以具养,工以利器,商以通货,各 就其资之所近 ,力之所及者而业焉 ,以求尽其心 ,其归要在于有益生人 (民) 之道,则一而已 ......四民异业而同道。 ”在此,王阳明( )",重申传统的 “四民 “秩序 ”,主张重新整合社会阶层,关注的核心问题是百姓生计,阐发的根本问题是正心诚意,D,verified,OpenLMLab GAOKAO-Bench,https://github.com/OpenLMLab/GAOKAO-Bench,2012,全国,高考真题,unique,valid,pending,,,7bbf1444268bf678805f22874783a17c33847a6b05e6e48ea620bdb792f4e4bd
CHIS_000260,GROUP_GAOKAO_BENCH_2012_0260,,"( 2分)清代内阁处理公务的案例 “积成样本四巨册 ”,官员 “惟揣摹此样本为 急”,时人称之为: “依样葫芦画不难,葫芦变化有千端。画成依旧葫芦样, 要把葫芦仔细看。 ”这反映出当时( )",内阁职权下降导致官员无所事事,政治体制僵化官员拘泥规制,内阁机要事务繁忙官员穷于应付,皇帝个人独裁官员惟命是从,B,verified,OpenLMLab GAOKAO-Bench,https://github.com/OpenLMLab/GAOKAO-Bench,2012,全国,高考真题,unique,valid,pending,,,22193512a105ee152b02f8b9037e70ae94effee41dc17e317a217d4342fe2524
CHIS_000261,GROUP_GAOKAOMM_2023_0261,,"图 1、图 2 分别为 1955 1956 年拍摄的动画片《神笔》《骄傲的将军》的剧照, 两部影片融入了中国传统戏曲、诗画等元素, 在世界影坛上独树一帜。这体现出新中国艺术创作 ( )",探索民族化道路的取向,以进入世界市场为主要目标,摆脱外来艺术形式影响,服务于对外开放的基本国策,A,verified,OpenMOSS GAOKAO-MM,https://github.com/OpenMOSS/GAOKAO-MM,2023,全国,高考真题,unique,valid,pending,,包含历史图表/漫画/地图原件，答案经官方验证,2b3a75736d6819c1a0cf92080346825ffef5bd7e32b6a4f62e544461862cc027
CHIS_000262,GROUP_GAOKAOMM_2023_0262,,"如图为 1808 年欧洲的一幅时事漫画, 名为 《蛛网里的科西嘉蜘蛛》, 图中心的 “蜘蛛” 代表法国, 左上角的 “苍蝇” 是指英国。该漫画反映的是 ( )",维也纳体系建立,拿破仑战争的局势,拿破仑帝国的覆灭,英国推行绥靖政策,B,verified,OpenMOSS GAOKAO-MM,https://github.com/OpenMOSS/GAOKAO-MM,2023,全国,高考真题,unique,valid,pending,,包含历史图表/漫画/地图原件，答案经官方验证,fc0322540c65e13839844324cf9567142f2d1deb6a9a3847d264dd6a02ac18fd
CHIS_000263,GROUP_GAOKAOMM_2022_0263,,图 3 为 1978 年和 1987 年全国社会商品零售总额中各经济成分所占比重图. 图示占比变化反映出(),经济体制改革目标的实现,民众就业观念的转变,计划管理调控作用的增强,经济结构调整的完成,B,verified,OpenMOSS GAOKAO-MM,https://github.com/OpenMOSS/GAOKAO-MM,2022,全国,高考真题,unique,valid,pending,,包含历史图表/漫画/地图原件，答案经官方验证,9b5ada05240bf47c9cc94a67a184a922c341c132313387e594842d4a0ad5573d
CHIS_000264,GROUP_GAOKAOMM_2022_0264,,"据图 4 可知, 商、西周青铜器铸造的繁荣 ( )",推动了南北农业经济进步,依赖大规模商业活动开展,反映了南北方联系的加强,缘于统治区域扩大到江南,C,verified,OpenMOSS GAOKAO-MM,https://github.com/OpenMOSS/GAOKAO-MM,2022,全国,高考真题,unique,valid,pending,,包含历史图表/漫画/地图原件，答案经官方验证,0e6b34baf9fafb51c5b4c490cb6f90cce80993d34bc54e680ce90cee2262a032
CHIS_000265,GROUP_GAOKAOMM_2022_0265,,31 图 5 是 1978 年与 1986 年北京郊区男户主职业占比变化情况。这一变化的产生主要是由于(),城市经济体制改革开始酛酿,农村经济体制改革深化,城乡之间的差异呈缩小趋势,城市产业结构日益完善,B,verified,OpenMOSS GAOKAO-MM,https://github.com/OpenMOSS/GAOKAO-MM,2022,全国,高考真题,unique,valid,pending,,包含历史图表/漫画/地图原件，答案经官方验证,cb5a52796492ec0ab345afd99e12df430890cd92bf58d49eb4d5f13f61927d2a
CHIS_000266,GROUP_GAOKAOMM_2020_0266,,"(4 分) 如图为唐代著名画家阎立本的《步辇图》, 描绘了唐太宗李世民接见吐蕃使臣的情景。该作品体现了()",西域风情与中土文化的交汇,文人意趣与市井风情的杂糅,艺术审美与史料价值的统一,现实主义与浪漫主义的融合,C,verified,OpenMOSS GAOKAO-MM,https://github.com/OpenMOSS/GAOKAO-MM,2020,全国,高考真题,unique,valid,pending,,包含历史图表/漫画/地图原件，答案经官方验证,e95e5b16b27249418b090a808d1a1d3063dacb8a31d33870ee35d0a7f420b6a5
CHIS_000267,GROUP_GAOKAOMM_2020_0267,,"(4 分) 敦煌莫高窟 61 号洞中的唐代壁画 “五台山图” 中有一座 “大佛光之寺”, 梁思成、林徽因按图索骥,在山西五台山地区发现了其实物 - - 佛光寺。这一事例说明此类壁画 ( )",创作源于艺术想象,能完整还原历史真实,可与文化遗存互证,价值来自学者的发掘,C,verified,OpenMOSS GAOKAO-MM,https://github.com/OpenMOSS/GAOKAO-MM,2020,全国,高考真题,unique,valid,pending,,包含历史图表/漫画/地图原件，答案经官方验证,8d06f967efa65b2fb7e3c2b20d0723b91f42531a07ae36234f91737963ac2c0f
CHIS_000268,GROUP_GAOKAOMM_2020_0268,,"(4 分) 1894 1914 年, 外国在华企业投资总额有所增加,各行业所占比例如图所示。 据图可知,当时 ( )",运输业成为列强扩大权益的重要途径,中国的对外贸易已由逆差转向了顺差,国际资本垄断日益趋于和缓,民族企业的市场竞争力提高,A,verified,OpenMOSS GAOKAO-MM,https://github.com/OpenMOSS/GAOKAO-MM,2020,全国,高考真题,unique,valid,pending,,包含历史图表/漫画/地图原件，答案经官方验证,8e973f501f6a576945fe2997c9fe408d316743df1f3b73b4067ee9c219adaf62
CHIS_000269,GROUP_GAOKAOMM_2020_0269,,"(4 分) 如图为不同时期的部分货币,据图可知,其形制变化的共同原因是 ( )",铸铁技术的进步,商品交易的需要,审美观念的不同,国家统一的推动,B,verified,OpenMOSS GAOKAO-MM,https://github.com/OpenMOSS/GAOKAO-MM,2020,全国,高考真题,unique,valid,pending,,包含历史图表/漫画/地图原件，答案经官方验证,ab3e6b7ef458b201b375c354f15855ec7c8a11e84133da7ea675d551b083aa62
CHIS_000270,GROUP_GAOKAOMM_2020_0270,,"(4 分 ) 如图为西方绘画作品 《第一步》, 其代表的绘画流派 ( )",注重内心的 “自我感受”,强化了直观印象的作用,强调素描的准确性,追求画面严整和谐,A,verified,OpenMOSS GAOKAO-MM,https://github.com/OpenMOSS/GAOKAO-MM,2020,全国,高考真题,unique,valid,pending,,包含历史图表/漫画/地图原件，答案经官方验证,96d325b03bd99c01618846fca773d324e207cae98a95b87888d4ac7580292a8b
CHIS_000271,GROUP_GAOKAOMM_2019_0271,,"(4 分) 如图可以用来说明, 当时欧洲 ( )",文化趋于活跃,政治变革加速,市民阶级出现,新教传播广泛,A,verified,OpenMOSS GAOKAO-MM,https://github.com/OpenMOSS/GAOKAO-MM,2019,全国,高考真题,unique,valid,pending,,包含历史图表/漫画/地图原件，答案经官方验证,a61e0204894d1dd1735240e3cd53fd372962d5a2e85f72184b8036b0675e91b2
CHIS_000272,GROUP_GAOKAOMM_2019_0272,,(4 分) 如图是 1953 年创作的年画。该作品(),继承了中国传统文人画作的基本风格,描绘了农民参与社会主义生产的场景,体现了 “双百” 方针提倡的创作精神,倡导了适应国家建设需要的社会新风,D,verified,OpenMOSS GAOKAO-MM,https://github.com/OpenMOSS/GAOKAO-MM,2019,全国,高考真题,unique,valid,pending,,包含历史图表/漫画/地图原件，答案经官方验证,bf19f12d06e5160a8694f101cd91f5c0997faabbc54447e18403c46bd460baa2
CHIS_000273,GROUP_GAOKAOMM_2018_0273,,"(4 分) 如图中的动物是郑和下西洋时外国使臣随船向明政府贡献的奇珍异兽。明朝君臣认为, 这就是中国传说中的“麒麟”, 明成祖遂厚赐外国使臣。这表明当时 ( )",对外交流促使中国传统绘画出现新的类型,朝廷用中国文化对朝贡贸易贡品加以解读,海禁政策的解除促进了对外文化交流,外来物品的传入推动了传统观念更新,B,verified,OpenMOSS GAOKAO-MM,https://github.com/OpenMOSS/GAOKAO-MM,2018,全国,高考真题,unique,valid,pending,,包含历史图表/漫画/地图原件，答案经官方验证,e0654069f5caff874ca951831ca38736aebccba48b155de61852aec07e283824
CHIS_000274,GROUP_GAOKAOMM_2018_0274,,"(4 分) 如图是 1953 年的一幅漫画, 描绘了资源勘探队员来到深山, 手持“邀请函”扣响山洞大门的情景。这反映了当时我国()",已经初步改变工业落后局面,开始进行对矿产资源的开采,国民经济调整任务基本完成,大规模的经济建设正在展开,D,verified,OpenMOSS GAOKAO-MM,https://github.com/OpenMOSS/GAOKAO-MM,2018,全国,高考真题,unique,valid,pending,,包含历史图表/漫画/地图原件，答案经官方验证,2e4a972da37bb37e74e22024fd1ab6d5b5f00f6f3344d7825d1bee799714d5ff
CHIS_000275,GROUP_GAOKAOMM_2018_0275,,"(4 分) 如图反映了 1945 1975 年间联合国成员国的变化情况, 这表明()",第三世界发展壮大,欧共体的成员增加,世界贸易范围明显扩大,经济区域化的趋势加强,A,verified,OpenMOSS GAOKAO-MM,https://github.com/OpenMOSS/GAOKAO-MM,2018,全国,高考真题,unique,valid,pending,,包含历史图表/漫画/地图原件，答案经官方验证,20a9731206ca6450954c385283d353ad0c640ea7d2df7e01f415b77b12147cc7
CHIS_000276,GROUP_GAOKAOMM_2018_0276,,"(4 分) 图为 1956 年的一副漫画《两把尺》(画中字: “奶奶的尺- - 量布做新衣。阿姨的尺- - 测量祖国, 建设杜会主义。”该漫画反映了()",社会主义建设以工业化为中心,女性成为国家建设的重要力量,人民公社化运动蓬勃开展,城乡差别发生根本性改变,B,verified,OpenMOSS GAOKAO-MM,https://github.com/OpenMOSS/GAOKAO-MM,2018,全国,高考真题,unique,valid,pending,,包含历史图表/漫画/地图原件，答案经官方验证,6bb3b88cc59b9a02526b88d9a789bc5c1531008e54e4166d45481a57cf483526
CHIS_000277,GROUP_GAOKAOMM_2018_0277,,"(4 分) 图可以用来说明, 奴隶贸易()",是早期资本主义扩张的手段,促成世界殖民体系最终确立,导致“日不落帝国”的产生,因白银开采的需要达到极盛,A,verified,OpenMOSS GAOKAO-MM,https://github.com/OpenMOSS/GAOKAO-MM,2018,全国,高考真题,unique,valid,pending,,包含历史图表/漫画/地图原件，答案经官方验证,b1fb978893d9348781d2e1bad8893c6dac1fa828895312da475b3ec6d10f043e
CHIS_000278,GROUP_GAOKAOMM_2018_0278,,"(4 分) 据考古报告, 从数十处战国以前的墓葬中发现了铁器实物, 这些铁器不少是自然陨铁制作而成, 发现地分布情况见图。据此可知, 战国以前 ( )",铁制农具得到普遍使用,新疆地区与中原联系紧密,我国的冶铁技术已经相当普及,铁器分布可反映社会发展程度,D,verified,OpenMOSS GAOKAO-MM,https://github.com/OpenMOSS/GAOKAO-MM,2018,全国,高考真题,unique,valid,pending,,包含历史图表/漫画/地图原件，答案经官方验证,bfb7c5fd182e4421b4b815a5cac06c242018afd458405e31248f3a97a16aada8
CHIS_000279,GROUP_GAOKAOMM_2017_0279,,(4 分) 如图是苏联时期的一幅漫画《又是斯大林格勒》. 该漫画表明 ( ),外国对苏俄的武装干涉彻底失败,苏联在帝国主义包围中仍实现工业化,二战期间苏联经济建设并未停滞,遏制政策未能阻止苏联经济的发展,D,verified,OpenMOSS GAOKAO-MM,https://github.com/OpenMOSS/GAOKAO-MM,2017,全国,高考真题,unique,valid,pending,,包含历史图表/漫画/地图原件，答案经官方验证,5cec5b56c014e5c6c8884cd867b6f8272bbe5a36b982570e42040670b731686f
CHIS_000280,GROUP_GAOKAOMM_2017_0280,,"(4 分) 如图为春秋战国之际局部示意图。当时, 范墼在陶、子贡在曹鲁之间经商成为巨富, 这一现象反映了()",区域位置影响商贸发展,争霸战争促进经济交往,交通条件决定地方经济状况,城市规模扩大推动商业繁荣,A,verified,OpenMOSS GAOKAO-MM,https://github.com/OpenMOSS/GAOKAO-MM,2017,全国,高考真题,unique,valid,pending,,包含历史图表/漫画/地图原件，答案经官方验证,e9d2ea3bb7e124a1a1e150873183a7572b9aa6ec9ec7d07b0c6f7582f929b46c
CHIS_000281,GROUP_GAOKAOMM_2017_0281,,"(4 分) 如图是西周与战国两个时期相同文字的不同写法, 反映出字形发生了变化, 促成这一变化的主要因素是 ( )",文字的频繁使用,书写材料的不同,各国变法的实施,“书同文”的推行,A,verified,OpenMOSS GAOKAO-MM,https://github.com/OpenMOSS/GAOKAO-MM,2017,全国,高考真题,unique,valid,pending,,包含历史图表/漫画/地图原件，答案经官方验证,b3c8ce49f74e378c975f70a40d970559b73372e7d65cb3b1cd5c14da47b7a209
CHIS_000282,GROUP_GAOKAOMM_2017_0282,,"(4 分) 如图为 1954 年某画家创作的《婆媳上冬学》, 这一作品 ( )",继承了传统文人画的特点,受同期西方流行画派影响,体现了现实主义绘画风格,注重表现作者的艺术想象,C,verified,OpenMOSS GAOKAO-MM,https://github.com/OpenMOSS/GAOKAO-MM,2017,全国,高考真题,unique,valid,pending,,包含历史图表/漫画/地图原件，答案经官方验证,2ddad0f09177697607dd19e7e976525e9271a5ee2a52352c51eccc52b89bc69e
CHIS_000283,GROUP_GAOKAOMM_2016_0283,,(4 分) 如图为汉代画像砖中的农事图。此图可以用来说明当时(),大地主田庄上的生产情形,精耕细作农业的不断发展,土地公有制下的集体劳作,个体农户的生产劳作状态,A,verified,OpenMOSS GAOKAO-MM,https://github.com/OpenMOSS/GAOKAO-MM,2016,全国,高考真题,unique,valid,pending,,包含历史图表/漫画/地图原件，答案经官方验证,1520f0f974ed609e7c6456a07232f9ce0bf1c3f865d87b2ae121014634f3ff9e
CHIS_000284,GROUP_GAOKAOMM_2016_0284,,"(4 分) 如图为三国曹魏 《三体石经》的残片, 经文中的每个字均用先秦古文, 小䇡等三种字体刻写。这三种字体反映了()",当时统一文字的努力,汉字演变的历史过程,当时字体流行的实际情况,汉字尚未形成完整的体系,B,verified,OpenMOSS GAOKAO-MM,https://github.com/OpenMOSS/GAOKAO-MM,2016,全国,高考真题,unique,valid,pending,,包含历史图表/漫画/地图原件，答案经官方验证,18d8ecb795b00ed4cd7114452f796a01731d8c3f2c075b74ba6c0a2c2fa77ac4
CHIS_000285,GROUP_GAOKAOMM_2016_0285,,"(4 分) 如图是 1932 年出产的一款火柴上的图案, 据此可知, 当时中国 ( )",民族火柴工业举步维艰,新的营销方式得到采用,开始兴起实业救国思潮,全国抗日救亡运动高涨,D,verified,OpenMOSS GAOKAO-MM,https://github.com/OpenMOSS/GAOKAO-MM,2016,全国,高考真题,unique,valid,pending,,包含历史图表/漫画/地图原件，答案经官方验证,adb1926cc79b277673e761d737b7df6a26e95c3fbeb35dfe3b9ab4f6bcf9f1b2
CHIS_000286,GROUP_GAOKAOMM_2016_0286,,(4 分) 如图为近代以来具有代表性的美术作品。这 4 幅作品反映出近代以来 ( ),传统美术流派相继被淘汰,理性思维的不断深化,批判精神备受重视的趋势,美术流派演变的历程,D,verified,OpenMOSS GAOKAO-MM,https://github.com/OpenMOSS/GAOKAO-MM,2016,全国,高考真题,unique,valid,pending,,包含历史图表/漫画/地图原件，答案经官方验证,fe74a6569ec5b80aa2d6f1e24745975994bedd8a5e7227a55c58281edad4b7ef
CHIS_000287,GROUP_GAOKAOMM_2015_0287,,(3 分) 如图为新中国第一个五年计划期间中国、美国、英国主要工业指标年均增长速度的比较。据此可以推知 ( ),中国原有工业基础很薄弱,冷战制约美英工业发展,中国重工业发展急躁冒进,美英传统工业产业衰落,A,verified,OpenMOSS GAOKAO-MM,https://github.com/OpenMOSS/GAOKAO-MM,2015,全国,高考真题,unique,valid,pending,,包含历史图表/漫画/地图原件，答案经官方验证,b0d0d36fb2577f7cd29801bcec8c368fdafd13f4bb574c8671690b3439992b87
CHIS_000288,GROUP_GAOKAOMM_2015_0288,,"(3 分) 如图为古罗马正义女神象。它体现了罗马法的诸多原则, 如高擎的秤体现的是裁量公平, 手握利剑体现的是法律的强制力。据此, 双眼蒙布所体现的原则是,法官审案应()",主要依据道德良知,侧重听取证人证言,不受表象迷惑洞察事实真相,排除一切干扰遵从民众意愿,C,verified,OpenMOSS GAOKAO-MM,https://github.com/OpenMOSS/GAOKAO-MM,2015,全国,高考真题,unique,valid,pending,,包含历史图表/漫画/地图原件，答案经官方验证,024e449760afd58fd921f1ef5de481efe8d4063f3fc61f4dfcec4cbea2d6fc38
CHIS_000289,GROUP_GAOKAOMM_2014_0289,,"(3 分) 如图为波兰开放边境线时的情景, 它反映的是 ( )",冷战结束,华约解体,北约东扩,欧盟扩大,D,verified,OpenMOSS GAOKAO-MM,https://github.com/OpenMOSS/GAOKAO-MM,2014,全国,高考真题,unique,valid,pending,,包含历史图表/漫画/地图原件，答案经官方验证,afe5a8d58471220acab03aa70670ef687fc71930710b59d5ce61b0d74cf75825
CHIS_000290,GROUP_GAOKAOMM_2012_0290,,"(2 分) 如图, 为世界贸易中国家和地区所占份额示意图。它反映出在 ( )",关贸总协定维持了世界贸易秩序的基本稳定,率先进行新技术革命的国家贸易量增加,20 世纪世界经济重心的转移趋势,多极化趋势取代了冷战时期的世界格局,C,verified,OpenMOSS GAOKAO-MM,https://github.com/OpenMOSS/GAOKAO-MM,2012,全国,高考真题,unique,valid,pending,,包含历史图表/漫画/地图原件，答案经官方验证,5758a5c493d56e890b6ca72e3c2df1e4716f9871db79413d108f03f804cf3ee3
CHIS_000291,GROUP_GAOKAOMM_2011_0291,,(2 分) 如图是依据《隋书-食货志》等制作的南北朝时期各地区货币使用情况示意图。该图反映出 ( ),长江流域经济水平总体上高于黄河流域,河西走廊与岭南地区经济发展速度最快,黄河流域的丝织业迅速发展,长江流域经济发展相对稳定,D,verified,OpenMOSS GAOKAO-MM,https://github.com/OpenMOSS/GAOKAO-MM,2011,全国,高考真题,unique,valid,pending,,包含历史图表/漫画/地图原件，答案经官方验证,11b351447a3068d3fd6e70bb048fcfa732249f807cc1d112a50000a3bd366537
CHIS_000292,GROUP_GAOKAOMM_2011_0292,,(2 分) 如图是选自菲利普·费尔南德兹所著《世界: 一部历史》中的一幅示意图。该图反映了(),单一商品出口国在经济全球化中陷入困境,贸易往来对国家间关系产生了决定性影响,贸易不平衡加剧了发展中国家的贫困化,资本流动在经济全球化中具有重要作用,D,verified,OpenMOSS GAOKAO-MM,https://github.com/OpenMOSS/GAOKAO-MM,2011,全国,高考真题,unique,valid,pending,,包含历史图表/漫画/地图原件，答案经官方验证,ba2512e53cc636c12274e257a4bfc7d8130a5bf3c5665e94e09b2ebe707d7009
CHIS_000293,GROUP_GAOKAOMM_2010_0293,,(4 分) 如图是英国 1782 年的一幅漫画。此漫画反映了 ( ),英国国际地位下降,英美关系亲近友好,英国承认美国独立,英国愿与美国和解,D,verified,OpenMOSS GAOKAO-MM,https://github.com/OpenMOSS/GAOKAO-MM,2010,全国,高考真题,unique,valid,pending,,包含历史图表/漫画/地图原件，答案经官方验证,2003ac35b0805b980d3c9dafda21860f4997dce16eb8b350fe13ba8e070d996e
CHIS_000294,GROUP_AGIEVAL_2015_0294,,"“一万年农业,五千年文明,两千年大一统”指的是",中华文明,埃及文明,印度文明,希腊文明,A,verified,Microsoft Research AGIEval,https://github.com/ruixiangcui/AGIEval,2015,上海,高考真题,unique,valid,pending,,数据来源: 2015年上海市高中毕业统一学业考试历史试卷（答案版）,d3dcda69652bf91d020edf2fbc65e9777c56c72bce387ae8b04339452881956a
CHIS_000295,GROUP_AGIEVAL_2015_0295,,"“什尔巴克,这是个你也知道的市镇,它的位置在幼发拉底。那是个古老的市镇,诸神都在那里存身,是他们让诸大神泛起洪水......”以上文字出自",《吉尔伽美什》,《罗摩衍那》,《摩诃婆罗多》,《荷马史诗》,A,verified,Microsoft Research AGIEval,https://github.com/ruixiangcui/AGIEval,2015,上海,高考真题,unique,valid,pending,,数据来源: 2015年上海市高中毕业统一学业考试历史试卷（答案版）,7b9c951796939a0f4c79b9b6e9f0782e8a28f83b76c67592680bd9bf1e85373b
CHIS_000296,GROUP_AGIEVAL_2015_0296,,"“每一国的人民,一方面要遵守自身特有的法律制度和社会习俗,一方面要遵守全人类共同的法律。......根据自然理性,适用于全人类的法律称为列国通法”。与此理论相关的法律实践是",汉穆拉比颁布了集古代两河流域各国法律之大成的法典,梭伦改革时期颁布了废除债务奴隶的法令,罗马共和国政府公布了“十二铜表法”,卡拉卡拉皇帝敕令授予罗马帝国全体自由公民以公民权,D,verified,Microsoft Research AGIEval,https://github.com/ruixiangcui/AGIEval,2015,上海,高考真题,unique,valid,pending,,数据来源: 2015年上海市高中毕业统一学业考试历史试卷（答案版）,a2bb359aea05c32944ed17e7e5fa70a86f596d9c68f73333eb73ef7980850c87
CHIS_000297,GROUP_AGIEVAL_2015_0297,,"在中央集权体制初创的秦朝,选用啬夫的是",太尉,皇帝,郡守、县令,丞相,C,verified,Microsoft Research AGIEval,https://github.com/ruixiangcui/AGIEval,2015,上海,高考真题,unique,valid,pending,,数据来源: 2015年上海市高中毕业统一学业考试历史试卷（答案版）,56bc066b6573c7aee279bd890214b661237f62d0329559696ae2e397b94e61ec
CHIS_000298,GROUP_AGIEVAL_2015_0298,,公元前202年汉朝建立。这一年处在,公元前2世纪初,公元前2世纪末,公元前3世纪初,公元前3世纪末,D,verified,Microsoft Research AGIEval,https://github.com/ruixiangcui/AGIEval,2015,上海,高考真题,unique,valid,pending,,数据来源: 2015年上海市高中毕业统一学业考试历史试卷（答案版）,022bb9de7efa3994e9f78388fb6bb88e6005c1cd549b30a36c219ce286b4fba0
CHIS_000299,GROUP_AGIEVAL_2015_0299,,"“井田之变,豪人货殖,馆舍布于州郡,田亩连于方国”描述的是",西周诸侯封地的情况,秦朝实行郡县制后的情况,汉武帝时代的盛况,东汉豪强势力膨胀的情况,D,verified,Microsoft Research AGIEval,https://github.com/ruixiangcui/AGIEval,2015,上海,高考真题,unique,valid,pending,,数据来源: 2015年上海市高中毕业统一学业考试历史试卷（答案版）,e041a7037f33661454a73f4c9b4fa5a65f8830234f978586600da077d9f830e4
CHIS_000300,GROUP_AGIEVAL_2015_0300,,"为研究三国时代的历史,某同学找来了电脑游戏《三国英杰传》、二十四史中的《三国志》、小说《三国演义》、电视剧《三国》的影碟,其中属于第一手史料的是",《三国志》,《三国演义》,《三国》,《三国英杰传》,A,verified,Microsoft Research AGIEval,https://github.com/ruixiangcui/AGIEval,2015,上海,高考真题,unique,valid,pending,,数据来源: 2015年上海市高中毕业统一学业考试历史试卷（答案版）,adc25e4bc21675abe51614a7ab712661efc71a4ffe9715415c115fcc6ccbbbd1
CHIS_000301,GROUP_AGIEVAL_2015_0301,,以下史实中哪一项反映了唐代的民族交往?,鲜卑族的拓跋氏改姓元氏,"胡床、胡服、胡食传到中原地区,并为汉人所接受",文成公主嫁往吐蕃时带去书籍、耕作用具和蔬菜种子等,中央设宣政院兼管吐蕃事务,C,verified,Microsoft Research AGIEval,https://github.com/ruixiangcui/AGIEval,2015,上海,高考真题,unique,valid,pending,,数据来源: 2015年上海市高中毕业统一学业考试历史试卷（答案版）,4b004752b1427bf253f2f4e8560646f5b8081c7cf74fb094cda95301ba8351c9
CHIS_000302,GROUP_AGIEVAL_2015_0302,,"“都省握天下之机,十省分天下之治”描述的是哪一朝代的行政管理体制?",隋朝,唐朝,北宋,元朝,D,verified,Microsoft Research AGIEval,https://github.com/ruixiangcui/AGIEval,2015,上海,高考真题,unique,valid,pending,,数据来源: 2015年上海市高中毕业统一学业考试历史试卷（答案版）,df99c0338393eef6585a453d07c55a8fb7072ed8b9f21fbdb7edc225e53713a8
CHIS_000303,GROUP_AGIEVAL_2015_0303,,"在一张地图上,出现了“欧逻巴”、“亚细亚”、“地中海”、“大西洋”、“尼罗河”等汉字地名,“大地是球形的”这一观念被引入了中国。这张地图的绘制者是",沈括,马可·波罗,利玛窦,徐光启,C,verified,Microsoft Research AGIEval,https://github.com/ruixiangcui/AGIEval,2015,上海,高考真题,unique,valid,pending,,数据来源: 2015年上海市高中毕业统一学业考试历史试卷（答案版）,b36c121d3c28060bb720121e4771d155b2f272a73f19c5feca1712d30b758fa8
CHIS_000304,GROUP_AGIEVAL_2015_0304,,以下哪项表述是对明代“朝贡贸易”的准确理解?,朝贡贸易展示了天朝威仪,朝贡国可自由来华贸易,各朝贡国贡期一致,政府在朝贡贸易中获利甚多,A,verified,Microsoft Research AGIEval,https://github.com/ruixiangcui/AGIEval,2015,上海,高考真题,unique,valid,pending,,数据来源: 2015年上海市高中毕业统一学业考试历史试卷（答案版）,fc5a58eea7d4138efd016976cef05fe771d7220bcef4026df57c638c76c14c4d
CHIS_000305,GROUP_AGIEVAL_2015_0305,,"一位清朝皇帝曾赋诗言志:“万里扶桑早挂弓,水犀军指岛门空。......海隅久念苍生困,耕凿从今九壤同。”诗中壮志因何事而发?",抗击沙俄入侵,设置伊犁将军,平定准噶尔叛乱,收复台湾,D,verified,Microsoft Research AGIEval,https://github.com/ruixiangcui/AGIEval,2015,上海,高考真题,unique,valid,pending,,数据来源: 2015年上海市高中毕业统一学业考试历史试卷（答案版）,7dcd9ec1f1d7681beea2e5088e3090e6540ad824fd04d821a46c0766f1dd5334
CHIS_000306,GROUP_AGIEVAL_2015_0306,,"历史学家斯塔夫里阿诺斯在他的《全球通史》中,将公元1500年作为世界历史的转折点。以下哪一史实可以作为这种历史分期的依据?",文艺复兴运动的兴起,新航路的开辟,圈地运动的发生,宗教改革的发端,B,verified,Microsoft Research AGIEval,https://github.com/ruixiangcui/AGIEval,2015,上海,高考真题,unique,valid,pending,,数据来源: 2015年上海市高中毕业统一学业考试历史试卷（答案版）,6cbf58f363842ffd680ab60b768019ff2b52bab7965585921ba2d90b830fed72
CHIS_000307,GROUP_AGIEVAL_2015_0307,,"“一个君主的臣民,不得到君主的允许,便不能抛弃君主政体、返回乌合之众的混乱状态,也不能将他们自己的人格从承当者身上转移到另一个人或另一个集体身上。”持以上观点的思想家是",洛克,霍布斯,伏尔泰,孟德斯鸠,B,verified,Microsoft Research AGIEval,https://github.com/ruixiangcui/AGIEval,2015,上海,高考真题,unique,valid,pending,,数据来源: 2015年上海市高中毕业统一学业考试历史试卷（答案版）,4a5a825d579ec54eb6d17a839456e5f978c8c86994057628ea91714838008c23
CHIS_000308,GROUP_AGIEVAL_2015_0308,,人类历史上第一个阐明资产阶级民主共和国原则的政治纲领是,《权利法案》,《王位继承法》,《独立宣言》,《人权宣言》,C,verified,Microsoft Research AGIEval,https://github.com/ruixiangcui/AGIEval,2015,上海,高考真题,unique,valid,pending,,数据来源: 2015年上海市高中毕业统一学业考试历史试卷（答案版）,c5897b0d534ea13111e5207304459f982916e61f57cb18308800421e47b0062a
CHIS_000309,GROUP_AGIEVAL_2015_0309,,"1868年日本改元“明治”推行新政,新政的首要举措是",展开“修约运动”,强化中央政府的权力,实行“殖产兴业”政策,推行教育改革,B,verified,Microsoft Research AGIEval,https://github.com/ruixiangcui/AGIEval,2015,上海,高考真题,unique,valid,pending,,数据来源: 2015年上海市高中毕业统一学业考试历史试卷（答案版）,802ec1c8d3197224e6382e3f970f39566e57761a17613df3acf3352fb1b47a40
CHIS_000310,GROUP_AGIEVAL_2015_0310,,"上海租界在历史上有许多不同的称谓,如“夷场”、“冒险家的乐园”、“文明的窗口”、“外人居留地”等,其中最淡化价值判断的称谓是",夷场,冒险家的乐园,文明的窗口,外人居留地,D,verified,Microsoft Research AGIEval,https://github.com/ruixiangcui/AGIEval,2015,上海,高考真题,unique,valid,pending,,数据来源: 2015年上海市高中毕业统一学业考试历史试卷（答案版）,c7160a5ec7132b00af4a30506f42e94585b890c4e00490375a9f9a092faa6bd1
CHIS_000311,GROUP_AGIEVAL_2015_0311,,"1860年,曾国藩在作战前线接到“新刻英吉利、法郎西(法国)、米利坚(美国)三国和约条款”,“阅之不觉呜咽”。这些令他“呜咽”的和约条款,与美国相关的部分出自",《南京条约》,《天津条约》,《北京条约》,《辛丑条约》,B,verified,Microsoft Research AGIEval,https://github.com/ruixiangcui/AGIEval,2015,上海,高考真题,unique,valid,pending,,数据来源: 2015年上海市高中毕业统一学业考试历史试卷（答案版）,c295ff37620c5a958e285289e4602db52c4d5b4e727dad86c119389625b8bebc
CHIS_000312,GROUP_AGIEVAL_2015_0312,,"以下这幅漫画的主旨是“It’s English,you know.”Source:Thomas Nast,*Harper’s Weekly*,June 20,1885瓜分世界“你知道,这是英国人的。”",英国的殖民霸权受到俄德的挑战,英德俄结盟重新瓜分世界,英国默认俄德在亚非争夺殖民地,英国调停俄德的殖民争端,A,verified,Microsoft Research AGIEval,https://github.com/ruixiangcui/AGIEval,2015,上海,高考真题,unique,valid,pending,,数据来源: 2015年上海市高中毕业统一学业考试历史试卷（答案版）,d2b97177e7a12fc1e17296205ad3e04547beb90ee11da9935ccdd01e710d4ad7
CHIS_000313,GROUP_AGIEVAL_2015_0313,,"在19世纪末的西欧,一个资本家要新建纺织厂,为提高产量,他应该优先选址在",商业繁盛的地区,盛产煤炭的地区,邻近河流的地区,电力充足的地区,D,verified,Microsoft Research AGIEval,https://github.com/ruixiangcui/AGIEval,2015,上海,高考真题,unique,valid,pending,,数据来源: 2015年上海市高中毕业统一学业考试历史试卷（答案版）,378b0f71b4b6442cbd7e75e71a6cf48c49cf7f017439341004391c012582f1b2
CHIS_000314,GROUP_AGIEVAL_2015_0314,,"有史家在评价商鞅立木为信的史事时写道:“夫信者,人君之大宝也。国保于民,民保于信,非信无以使民,非民无以守国。”该史家关切的是",“善恶必书”的秉笔直书精神,"鉴前世之兴衰,考当今之得失","为全体国民写史,写全体国民的历史",史家当具史才、史学、史识、史德,B,verified,Microsoft Research AGIEval,https://github.com/ruixiangcui/AGIEval,2015,上海,高考真题,unique,valid,pending,,数据来源: 2015年上海市高中毕业统一学业考试历史试卷（答案版）,db32a207cd4d8a4741955af4583153cd77e2cf89c43c4194c1c0208f896de116
CHIS_000315,GROUP_AGIEVAL_2015_0315,,"在清末的学堂里,学生经常聚看、传阅不同政见的书报,其中“余维欧美之进化,凡以三大主义:曰民族、曰民权、曰民生”;“变法之本,在于育人才;人才之兴,在开学校”应该分别出自",《民报》、《时务报》,《民报》、《天演论》,《天演论》、《时务报》,《海国图志》、《天演论》,A,verified,Microsoft Research AGIEval,https://github.com/ruixiangcui/AGIEval,2015,上海,高考真题,unique,valid,pending,,数据来源: 2015年上海市高中毕业统一学业考试历史试卷（答案版）,49a063351aa8bf85a5410b911cbe212aa078c4420996ef9f435a849bd25a2c7f
CHIS_000316,GROUP_AGIEVAL_2015_0316,,右侧是哪一人物的生平年表?1818年——生于特里尔1842年——担任《莱茵报》主编1848年——发表《共产党宣言》1864年——建立第一国际1867年——出版《资本论》第一卷1883年——逝世,俾斯麦,马克思,圣西门,列宁,B,verified,Microsoft Research AGIEval,https://github.com/ruixiangcui/AGIEval,2015,上海,高考真题,unique,valid,pending,,数据来源: 2015年上海市高中毕业统一学业考试历史试卷（答案版）,f55de0b3075db2e5dc429a99cb8b38f812253296d9c3f67d39433f3a86e5c64c
CHIS_000317,GROUP_AGIEVAL_2015_0317,,"南京某大礼堂,门外有“和平永奠”的牌楼,又有胜利屏一幅,上缀大红“V”字。门内下面悬挂中美英苏四国的大幅国旗。这一场景应出现在",南京国民政府成立时,日本无条件投降后,改订新约运动中,渡江战役胜利后,B,verified,Microsoft Research AGIEval,https://github.com/ruixiangcui/AGIEval,2015,上海,高考真题,unique,valid,pending,,数据来源: 2015年上海市高中毕业统一学业考试历史试卷（答案版）,85431709e8ac20edef6789c0029e7a4338cca093636c659e76ea7db9dc5dce24
CHIS_000318,GROUP_AGIEVAL_2015_0318,,"“中华人民共和国为新民主主义即人民民主主义的国家,实行工人阶级领导的,以工农联盟为基础的、团结各民主阶级和国内各民族的人民民主专政。”这段话出自",《中华民国临时约法》,《论联合政府》,《共同纲领》,《上海公报》,C,verified,Microsoft Research AGIEval,https://github.com/ruixiangcui/AGIEval,2015,上海,高考真题,unique,valid,pending,,数据来源: 2015年上海市高中毕业统一学业考试历史试卷（答案版）,2b053a55a6f7f0ff74112fa7bd67ec23ae3b405beacb93314b2a4cc47d8b592a
CHIS_000319,GROUP_AGIEVAL_2015_0319,,"“亚非绝大多数国家和人民自近代以来都曾经受过、并且现在仍在受着殖民主义所造成的灾难和痛苦。......从解除殖民主义痛苦和灾难中找共同基础,我们就很容易互相了解和尊重,互相同情和支持......”这段话的主旨是",反对美苏争霸,开展全方位外交,倡导求同存异,重组大国关系,C,verified,Microsoft Research AGIEval,https://github.com/ruixiangcui/AGIEval,2015,上海,高考真题,unique,valid,pending,,数据来源: 2015年上海市高中毕业统一学业考试历史试卷（答案版）,cdb79d20a8fdf6a98437564cbf98046748768142946532be8f145322522392c0
CHIS_000320,GROUP_AGIEVAL_2006_0320,,"人们在历史研究中,由于立场和观点的差异,对历史事件的解释往往会有不同,如关于哥伦布航行到达美洲这一事件:过去,欧洲人总以欧洲为中心来理解:美洲土著则立足自身看问题:在当今全球史观的引导下,人们又有了新的认识。能正确反映上述说法的排列是:","欧洲/发现,美洲/文明相遇,全球史观/侵犯","欧洲/文明相遇,美洲/发现,全球史观/侵犯","欧洲/侵犯,美洲/发现,全球史观/文明相遇","欧洲/发现,美洲/侵犯,全球史观/文明相遇",D,verified,Microsoft Research AGIEval,https://github.com/ruixiangcui/AGIEval,2006,上海,高考真题,unique,valid,pending,,数据来源: 2006年上海市高中毕业统一学业考试历史试卷（答案版）,2d7c4fae5bc2f8d4fc24edce3f1c3aa81c58009f3d794ffc258396a86accf64f
CHIS_000321,GROUP_AGIEVAL_2006_0321,,"在中国古代,“易于耕种的纤细黄土,能带来丰沛雨量的季候风,和时而润泽大地、时而泛滥成灾的黄河,是影响中国命运的三大因素。它们直接或间接地促使中国要采取中央集权式的官僚体系。”维系这种中央集权的经济基础是",小农经济,佃农经济,庄园经济,商品经济,A,verified,Microsoft Research AGIEval,https://github.com/ruixiangcui/AGIEval,2006,上海,高考真题,unique,valid,pending,,数据来源: 2006年上海市高中毕业统一学业考试历史试卷（答案版）,92d7604ef11ef4b3f368375f6b00419a1cd22694ec3e424db154d185d5cfb3a1
CHIS_000322,GROUP_AGIEVAL_2006_0322,,"蔡元培在《中国伦理学史》中之所以赞扬古代一位思想家“提倡民权,为孔子所未及焉”,是由于他明确提出“民为贵,社稷次之,君为轻”的思想。这位思想家是",孙子,孟子,董仲舒,朱熹,B,verified,Microsoft Research AGIEval,https://github.com/ruixiangcui/AGIEval,2006,上海,高考真题,unique,valid,pending,,数据来源: 2006年上海市高中毕业统一学业考试历史试卷（答案版）,334d3f529a996b622197ba92b55a80edfd12894b6ab8d7306c3d880b39774d32
CHIS_000323,GROUP_AGIEVAL_2006_0323,,"早在先秦时期,中国文化的地域性差异已十分明显。就文学而论,北方注重说理,南方倾向抒情。比如大量运用神话材料,描绘神奇瑰丽境界,给人强烈审美愉悦的诗人屈原就生活于",中原,齐鲁,楚地,巴蜀,C,verified,Microsoft Research AGIEval,https://github.com/ruixiangcui/AGIEval,2006,上海,高考真题,unique,valid,pending,,数据来源: 2006年上海市高中毕业统一学业考试历史试卷（答案版）,2ef041c030dd782dde8740d5178e6a9d9223a8148e8288761d1a69477a5216eb
CHIS_000324,GROUP_AGIEVAL_2006_0324,,"柳宗元在《封建论》中说:“秦有天下,裂都会而为之群邑,废侯卫而为守宰。?......此其所以为得也。”这句话指的是",推行分封制,设立郡县制,废除郡县制,废除行省制,B,verified,Microsoft Research AGIEval,https://github.com/ruixiangcui/AGIEval,2006,上海,高考真题,unique,valid,pending,,数据来源: 2006年上海市高中毕业统一学业考试历史试卷（答案版）,18f9a618278b7f130f38ad50a89d1c6f2f8c8e9bc6d98f56b6b2cdd472efa9ae
CHIS_000325,GROUP_AGIEVAL_2006_0325,,"司马迁在《报任安书》中说:“网罗天下放失旧闻,考之行事,稽其成败之理,凡百三十篇。”这“百三十篇”就是后来的",《诗经》,《春秋》,《史记》,《资治通鉴》,C,verified,Microsoft Research AGIEval,https://github.com/ruixiangcui/AGIEval,2006,上海,高考真题,unique,valid,pending,,数据来源: 2006年上海市高中毕业统一学业考试历史试卷（答案版）,9e67625fcd7d4179e4b817f4dea6f940811059dc67cf734af2e6d3b071ef4a75
CHIS_000326,GROUP_AGIEVAL_2006_0326,,"在19世纪上半期,欧洲流行着这样的说法:“史蒂姆(Steam,即蒸汽机)是英国人。”对这句话的准确理解是1当时使用蒸汽机的都是英国人2以蒸汽为动力的机器都是英国发明的3当时的英国已广泛使用蒸汽机4蒸汽机的出现是英国工业革命的象征",12,13,24,34,D,verified,Microsoft Research AGIEval,https://github.com/ruixiangcui/AGIEval,2006,上海,高考真题,unique,valid,pending,,数据来源: 2006年上海市高中毕业统一学业考试历史试卷（答案版）,0ea7fd8b0bd0235d223b0f17b32041cfcbc542f7ab904d88e816788d571453d6
CHIS_000327,GROUP_AGIEVAL_2006_0327,,"叶圣陶在一则日记中写到:“课毕后阅报纸,见专电栏中有云:武昌已为革(命)党所据,新军亦起而相应......从此而万恶之政府即以推倒,亦未可知也。”日记中的“万恶之政府”指",清政府,南京临时政府,北洋政府,南京国民政府,A,verified,Microsoft Research AGIEval,https://github.com/ruixiangcui/AGIEval,2006,上海,高考真题,unique,valid,pending,,数据来源: 2006年上海市高中毕业统一学业考试历史试卷（答案版）,61ca0e07a68614784d9320d7f2478b73f93f55792279002e5539c7654307939e
CHIS_000328,GROUP_AGIEVAL_2006_0328,,"一位美国记者赞叹道:每一场革命都有它自身的传奇,毛泽东率领数万工农红军所完成的战略转移,就是中国革命史上的伟大传奇。他所说的“伟大传奇”是指",秋收起义,井冈山会师,第五次反围剿,长征,D,verified,Microsoft Research AGIEval,https://github.com/ruixiangcui/AGIEval,2006,上海,高考真题,unique,valid,pending,,数据来源: 2006年上海市高中毕业统一学业考试历史试卷（答案版）,810a3a619ac6ac11beef486e93ce0c8f2f5082334947d96e6405a8d4b3045db4
CHIS_000329,GROUP_AGIEVAL_2006_0329,,"1950年除夕,上海《新民报》报道:“毛主席和和斯大林元帅给我们带来了过年礼物,教我们全国人民在大年夜欢欢喜喜高高兴兴过个年。”文中的“礼物”指的是",苏共将派代表到西柏坡,签定《中苏友好同盟互助条约》,苏联支持中国抗美援朝,苏联援助中国实施“一五”计划,B,verified,Microsoft Research AGIEval,https://github.com/ruixiangcui/AGIEval,2006,上海,高考真题,unique,valid,pending,,数据来源: 2006年上海市高中毕业统一学业考试历史试卷（答案版）,dc10b221dbf9c51125f377889a5d978677d832527877e551c142956cb5c1ed80
CHIS_000330,GROUP_AGIEVAL_2006_0330,,"1989年11月柏林墙开放后不久,民主德国边防兵把一个小孩抱到墙上,让他看一眼西柏林市景。此景反映",两极格局形成,两个德国出现,两德统一在望,美苏冷战结束,C,verified,Microsoft Research AGIEval,https://github.com/ruixiangcui/AGIEval,2006,上海,高考真题,unique,valid,pending,,数据来源: 2006年上海市高中毕业统一学业考试历史试卷（答案版）,b03ffd5f3566cf0406ae47562612d2413f1ac354ebca38b12b446967b9705715
CHIS_000331,GROUP_AGIEVAL_2010_0331,,"新石器时代,人类迎来了第一场重大的经济革命,其标志是",农耕逐渐取代采集,采集逐渐取代狩猎,狩猎逐渐取代驯养,渔猎逐渐取代采集,A,verified,Microsoft Research AGIEval,https://github.com/ruixiangcui/AGIEval,2010,上海,高考真题,unique,valid,pending,,数据来源: 2010年上海市高中毕业统一学业考试历史试卷（答案版）,4fedf186845c26bc392bd63481ea90c1b34c0db8addd88217ca0876ddd1d2677
CHIS_000332,GROUP_AGIEVAL_2010_0332,,"文学是西方文化的载体,其源头可追溯到古代世界,其中对西方文化产生重要影响的是",《大藏经》、《荷马史诗》,《旧约全书》、《古兰经》,《荷马史诗》、《旧约全书》,《古兰经》、《荷马史诗》,C,verified,Microsoft Research AGIEval,https://github.com/ruixiangcui/AGIEval,2010,上海,高考真题,unique,valid,pending,,数据来源: 2010年上海市高中毕业统一学业考试历史试卷（答案版）,1385de27e77b5ffda6efe95107de1c17ce556da8d0a640ec6cc73dbb9fdb32c2
CHIS_000333,GROUP_AGIEVAL_2010_0333,,"汉代以来,某地出土了数以千计的青铜重器,青铜铭文多涉及诸侯战争、土地交换等内容。学者推断此地应是",夏人的活动地域,周朝的重要都城,秦朝的阿房宫遗址,汉初同姓王的封国,B,verified,Microsoft Research AGIEval,https://github.com/ruixiangcui/AGIEval,2010,上海,高考真题,unique,valid,pending,,数据来源: 2010年上海市高中毕业统一学业考试历史试卷（答案版）,d98e5ee51bd9f5e142031326819a7e2488b4f7fce0dd8b0b5b816530df51cb0c
CHIS_000334,GROUP_AGIEVAL_2010_0334,,"春秋战国时代,诸子百家讲政治时大多站在民众一边,替百姓打算,唯有一家与其他各家不同,为君主参谋,专替君主打算。这一家是",儒家,法家,道家,墨家,B,verified,Microsoft Research AGIEval,https://github.com/ruixiangcui/AGIEval,2010,上海,高考真题,unique,valid,pending,,数据来源: 2010年上海市高中毕业统一学业考试历史试卷（答案版）,02f1620248a78c3f95566487d5cfec1500dacb9d285d694dbb0638efe2dc548d
CHIS_000335,GROUP_AGIEVAL_2010_0335,,西欧中世纪庄园和东汉后期庄园的共同特点是,主人和农民之间有雇佣关系,具有商品货币关系,有自营地和份地的区别,自给自足的经济体,D,verified,Microsoft Research AGIEval,https://github.com/ruixiangcui/AGIEval,2010,上海,高考真题,unique,valid,pending,,数据来源: 2010年上海市高中毕业统一学业考试历史试卷（答案版）,dae9e0d69fedf6eaa667ee8ff41a2ea07c53bb62781a12c8af79e30b1c0d4d50
CHIS_000336,GROUP_AGIEVAL_2010_0336,,"某统治者拥有征税权,可以组织军队,常常援引“凡使君主高兴的就具有法律效力”的古谚。这位统治者是",军事强人,专制君主,等级君主,立宪君主,B,verified,Microsoft Research AGIEval,https://github.com/ruixiangcui/AGIEval,2010,上海,高考真题,unique,valid,pending,,数据来源: 2010年上海市高中毕业统一学业考试历史试卷（答案版）,a2d74db0a2adb709c7c897e870f18b992b0340381ccfb08fae957b1ce0ce6ec1
CHIS_000337,GROUP_AGIEVAL_2010_0337,,"宋代,儒学家开始从一个新的角度来思考人间的伦理纲常。这个新的角度是",从矛盾对立转换出发,从天人感应出发,从万物本源出发,从人的本性出发,C,verified,Microsoft Research AGIEval,https://github.com/ruixiangcui/AGIEval,2010,上海,高考真题,unique,valid,pending,,数据来源: 2010年上海市高中毕业统一学业考试历史试卷（答案版）,eef42616cffb2f11bf6e7dd07a6f4e95c97a19054ea9d303c5411500c198df32
CHIS_000338,GROUP_AGIEVAL_2010_0338,,"元朝为加强中央对西藏和台湾的管理,分别设置了",中书省、伊犁将军,宣政院、中书省,伊犁将军、澎湖巡检司,宣政院、澎湖巡检司,D,verified,Microsoft Research AGIEval,https://github.com/ruixiangcui/AGIEval,2010,上海,高考真题,unique,valid,pending,,数据来源: 2010年上海市高中毕业统一学业考试历史试卷（答案版）,a676e620949a6da6422384dc0eca64710244eb3bb84ec75246fa89f78b3d5e45
CHIS_000339,GROUP_AGIEVAL_2010_0339,,伏尔泰在《风俗论》一书中对中华文化和儒家学说推崇备至。他所获得的中国文化资料最有可能来自于,外国使节,传教士,阿拉伯人,留学生,B,verified,Microsoft Research AGIEval,https://github.com/ruixiangcui/AGIEval,2010,上海,高考真题,unique,valid,pending,,数据来源: 2010年上海市高中毕业统一学业考试历史试卷（答案版）,23761fc9bf241b5602601cf931e81ee01c3830b0e258ef56f83ef6693872a23a
CHIS_000340,GROUP_AGIEVAL_2010_0340,,"年号是常用的纪年方式。它可以用来指称皇帝,如雍正皇帝;也可以用来表示历史事件,如贞观之治。下列选项符合后一种用法的是",辛亥革命,商鞅变法,靖康之变,光武中兴,C,verified,Microsoft Research AGIEval,https://github.com/ruixiangcui/AGIEval,2010,上海,高考真题,unique,valid,pending,,数据来源: 2010年上海市高中毕业统一学业考试历史试卷（答案版）,462f3f7932bb00af858f35bc28bde45b5fdeaa8ef8f4850cf652378b0348cf0f
CHIS_000341,GROUP_AGIEVAL_2010_0341,,"历史上大凡激烈变革和动荡的时代,总不免出现两种倾向:一种是要砸烂一切旧传统的革命倾向,一种是要维护旧传统的保守倾向。中国历史上符合这种现象的时期有1公元前8世纪到公元前3世纪 27世纪初期 320世纪初期",123,23,12,13,D,verified,Microsoft Research AGIEval,https://github.com/ruixiangcui/AGIEval,2010,上海,高考真题,unique,valid,pending,,数据来源: 2010年上海市高中毕业统一学业考试历史试卷（答案版）,9610fac1f8e27175dfc51f720dc6b4b47b9e30d92404b8a7887064654d30382a
CHIS_000342,GROUP_AGIEVAL_2010_0342,,"“......就是人类脱离自己所加之于其自身的不成熟状态”,“不成熟状态就是不被别人引导,就对运用自己的理智无能为力”,“要有勇气运用自己的理智!”以上省略的内容应是",宗教改革,文艺复兴,启蒙,空想社会主义,C,verified,Microsoft Research AGIEval,https://github.com/ruixiangcui/AGIEval,2010,上海,高考真题,unique,valid,pending,,数据来源: 2010年上海市高中毕业统一学业考试历史试卷（答案版）,1a9a9571203a7a820c1ade2500411b883b052aaf9177590b83e5dcfa6257c7c1
CHIS_000343,GROUP_AGIEVAL_2010_0343,,"基于“大凡国之强弱系于人民之贫富,人民之贫富系于财产之多寡”的认识,明治政府开始",实行地税改革,开化社会文明,引进欧美科技,鼓励工商贸易,D,verified,Microsoft Research AGIEval,https://github.com/ruixiangcui/AGIEval,2010,上海,高考真题,unique,valid,pending,,数据来源: 2010年上海市高中毕业统一学业考试历史试卷（答案版）,994669f29dc5079197c9921ee79a0b0e7f914c0d21038dd22879d1e35329cbac
CHIS_000344,GROUP_AGIEVAL_2010_0344,,"乾隆皇帝曾对法国产生浓厚兴趣,打算派外交使团会见路易十六。这一计划最终付诸东流,原因可能是",法国爆发了大革命,清廷忙于抗击沙俄入侵,中国正在和英使签订两国通商协议,普法战争爆发,A,verified,Microsoft Research AGIEval,https://github.com/ruixiangcui/AGIEval,2010,上海,高考真题,unique,valid,pending,,数据来源: 2010年上海市高中毕业统一学业考试历史试卷（答案版）,51dc1ce77877330745040e142c9e12511edc3d006ce62db0e6d00f95399f91c5
CHIS_000345,GROUP_AGIEVAL_2010_0345,,"有学者认为,电视台“名家讲座”虽然办得好,但内容过于偏重帝王将相的活动和宫廷琐事。离一百多年前梁启超倡导的“新史学”宗旨相去甚远。这里所说的“新史学”宗旨是",充当帝王的“政治教科书”,让国民从中受益,复兴传统史学,宣传历史进化论,B,verified,Microsoft Research AGIEval,https://github.com/ruixiangcui/AGIEval,2010,上海,高考真题,unique,valid,pending,,数据来源: 2010年上海市高中毕业统一学业考试历史试卷（答案版）,bc212f86677bf72f026182efe08980c95e8d10515f5b55eb0df987ac437c2f44
CHIS_000346,GROUP_AGIEVAL_2010_0346,,"“前年杀吴禄贞,去年杀张振武,今年又杀宋教仁,你说是应桂馨,他说是洪述祖,我说确是袁世凯。”这幅挽联中提及的事件最终引发了",护国运动,武昌起义,五四运动,二次革命,D,verified,Microsoft Research AGIEval,https://github.com/ruixiangcui/AGIEval,2010,上海,高考真题,unique,valid,pending,,数据来源: 2010年上海市高中毕业统一学业考试历史试卷（答案版）,eac37e6d06ccad24238672b9c75d1b400b8db88bef848202cfe535d17e4f035c
CHIS_000347,GROUP_AGIEVAL_2010_0347,,"某学生要以“近代以来的西学东渐及其影响”为主题撰写小论文,他可以选择的研究对象有",商务印书馆、利玛窦,《几何原本》、冯如,商务印书馆、冯如,同文馆、利玛窦,C,verified,Microsoft Research AGIEval,https://github.com/ruixiangcui/AGIEval,2010,上海,高考真题,unique,valid,pending,,数据来源: 2010年上海市高中毕业统一学业考试历史试卷（答案版）,cad7000a835a5da265c07547dbd0e75775fc53e68aad6a04af82cd85e905cf80
CHIS_000348,GROUP_AGIEVAL_2010_0348,,"“英国不想为捷克牺牲一兵一卒,英国同意任何合理的解决办法,只要不用武力。”下列哪一事件体现了这一主张?",《慕尼黑协定》的签署,《凡尔赛和约》的签订,《四国条约》的签订,《大西洋宪章》的发布,A,verified,Microsoft Research AGIEval,https://github.com/ruixiangcui/AGIEval,2010,上海,高考真题,unique,valid,pending,,数据来源: 2010年上海市高中毕业统一学业考试历史试卷（答案版）,8775dd740ab78f1836d013119f639ff7b7968e2ef9dacb2c2ec7632b664536d4
CHIS_000349,GROUP_AGIEVAL_2010_0349,,"学习历史可以用想象的方法来“重建”历史场景。假如你生活在1913年的中国,可能会看到以下哪一情形?",唐胥铁路开通,街上路人互行脱帽鞠躬礼,《申报》上刊登北伐的消息,李大钊发表《庶民的胜利》的演说,B,verified,Microsoft Research AGIEval,https://github.com/ruixiangcui/AGIEval,2010,上海,高考真题,unique,valid,pending,,数据来源: 2010年上海市高中毕业统一学业考试历史试卷（答案版）,b612d4bdd5b4c92eebb8df780a98a62b0436fa49296b53489770c8d467b423f2
CHIS_000350,GROUP_AGIEVAL_2010_0350,,"1945年英国工党上台执政后,大力推行社会福利等政策,目的是为了",强化自由放任主义,加强政府对经济的干预,减轻政府财政负担,改变资本主义性质,B,verified,Microsoft Research AGIEval,https://github.com/ruixiangcui/AGIEval,2010,上海,高考真题,unique,valid,pending,,数据来源: 2010年上海市高中毕业统一学业考试历史试卷（答案版）,00b92f41e1369f370641b6511fb014a77b03a74565dc78f4d37cc9cfbe8106e1
CHIS_000351,GROUP_AGIEVAL_2010_0351,,"20世纪50年代初,中国面临的困难是“能造桌子椅子,能造茶碗茶壶,能种粮食,还能磨成面粉,还能造纸,但是,一辆汽车、一架飞机、一辆坦克、一辆拖拉机都不能造”。为改变这一状况,中国政府",推行了土地改革,组织了人民公社,实施了“一五”计划,发动了“大跃进”,C,verified,Microsoft Research AGIEval,https://github.com/ruixiangcui/AGIEval,2010,上海,高考真题,unique,valid,pending,,数据来源: 2010年上海市高中毕业统一学业考试历史试卷（答案版）,18a94973be8c9ca8bf09a729ea403d1d55254b992004e3da4447b3e4e565a57c
CHIS_000352,GROUP_AGIEVAL_2010_0352,,毛泽东思想被确立为中国共产党的指导思想是在,中共七大,遵义会议,中共十一届三中全会,中共十二大,A,verified,Microsoft Research AGIEval,https://github.com/ruixiangcui/AGIEval,2010,上海,高考真题,unique,valid,pending,,数据来源: 2010年上海市高中毕业统一学业考试历史试卷（答案版）,3b553a727f6cc3bbd37cd67388ec0f4a3a5431fd4df5c6f5af19fe349eea7d11
CHIS_000353,GROUP_AGIEVAL_2010_0353,,"1978年真理标准问题的大讨论,直接推动了中国社会全面的",体制改革,拨乱反正,经济建设,对外开放,B,verified,Microsoft Research AGIEval,https://github.com/ruixiangcui/AGIEval,2010,上海,高考真题,unique,valid,pending,,数据来源: 2010年上海市高中毕业统一学业考试历史试卷（答案版）,16a4c99426336b718acfdcf208635d1ce876a6d71d593e26f18d09cced661cb7
CHIS_000354,GROUP_AGIEVAL_2010_0354,,"一个历史事实可以有若干事件构成,事件又可以由若干小事件构成,由此可以排出一系列事件的等级或层次,下列选项符合上述说法的是",经济全球化——西欧一体化——欧元启用,《王位继承法》——《权利法案》——光荣革命,苏联的现代化道路——新经济政策——社会主义工业化,中途岛战役——斯大林格勒战役——阿拉曼战役,A,verified,Microsoft Research AGIEval,https://github.com/ruixiangcui/AGIEval,2010,上海,高考真题,unique,valid,pending,,数据来源: 2010年上海市高中毕业统一学业考试历史试卷（答案版）,3f5cbebe6e6b2fdde769e660cfb6996c9b4be12e6da77f167c8ed839e2ca54d1
CHIS_000355,GROUP_AGIEVAL_2010_0355,,"1949年后,中国积极主动的融入世界。将下列重大外交事件按时间排列,正确的是 1重返联合国 2中美关系正常化 3参加万隆会议 4加入世界贸易组织",3124,3214,1234,213,A,verified,Microsoft Research AGIEval,https://github.com/ruixiangcui/AGIEval,2010,上海,高考真题,unique,valid,pending,,数据来源: 2010年上海市高中毕业统一学业考试历史试卷（答案版）,9bb6255c840fe52ff0cb6d48b00cd20355f8624b71cf8ce24f0f890946cca137
CHIS_000356,GROUP_AGIEVAL_2007_0356,,"学者考证,历史上的商族屡屡迁徙,最后一次迁徙后,定都二百多年,创造了辉煌的文明成果。这次迁徙的组织者是",商汤,武丁,盘庚,商纣,C,verified,Microsoft Research AGIEval,https://github.com/ruixiangcui/AGIEval,2007,上海,高考真题,unique,valid,pending,,数据来源: 2007年上海市高中毕业统一学业考试历史试卷（答案版）,5802ee910b6b7ceaf46dbe739b4bc1d1dbb6f2c8c6fd0f7671c23f85d70b1fa2
CHIS_000357,GROUP_AGIEVAL_2007_0357,,"商鞅变法功不可没,但他本人却被贵族诬告谋反,惨遭杀害。在商鞅变法的措施中,直接损害贵族利益的是",重农抑商,统一度量衡,迁都咸阳,按军功授爵,D,verified,Microsoft Research AGIEval,https://github.com/ruixiangcui/AGIEval,2007,上海,高考真题,unique,valid,pending,,数据来源: 2007年上海市高中毕业统一学业考试历史试卷（答案版）,7c0eb1aabfd7b12cc677d740413225fe63db920162e7d3756e43bfbda3151274
CHIS_000358,GROUP_AGIEVAL_2007_0358,,"一位历史研究者想要编写《昭君出塞》一书,涉及长安民众生活的情景,他可以利用的素材是",吃葡萄、喝肉羹,盖棉被、穿绸衣,放鞭炮、听说书,抽卷烟、烤甘薯,A,verified,Microsoft Research AGIEval,https://github.com/ruixiangcui/AGIEval,2007,上海,高考真题,unique,valid,pending,,数据来源: 2007年上海市高中毕业统一学业考试历史试卷（答案版）,49d88dd404ccc934cfffadf11197c623446456b5b489d68859487c69f886c2f3
CHIS_000359,GROUP_AGIEVAL_2007_0359,,"隋王朝国祚短促,但在制度建设上却多有建树,既有继承发展,又有开拓创新。其中,由隋开创并为唐所继承的制度有",府兵制、三省六部制,府兵制、科举制,三省六部制、科举制,科举制、均田制,C,verified,Microsoft Research AGIEval,https://github.com/ruixiangcui/AGIEval,2007,上海,高考真题,unique,valid,pending,,数据来源: 2007年上海市高中毕业统一学业考试历史试卷（答案版）,8aace1d3d6d3840919d0013d35d791417fd4ddc73c80e68d70f24135df216ef5
CHIS_000360,GROUP_AGIEVAL_2007_0360,,"慈禧曾说:“我本来执定不同洋人破脸的,中间一段时期,因洋人欺负太甚了,也不免有些动气。虽是没拦阻他们,始终总没叫他们十分尽意的胡闹。......我若由他们尽意的闹,难道一个使馆有攻不下来的道理?”慈禧据称的“他们”是指",顽固派,洋务派,太平军,义和团,D,verified,Microsoft Research AGIEval,https://github.com/ruixiangcui/AGIEval,2007,上海,高考真题,unique,valid,pending,,数据来源: 2007年上海市高中毕业统一学业考试历史试卷（答案版）,46ffdd9982d5dfaa788535f329b547ed5a3a55621da14ebb519e7b77c4adf53f
CHIS_000361,GROUP_AGIEVAL_2007_0361,,"“新礼服兴,翎顶补服灭;剪发兴,辫子灭;爱国帽兴,瓜皮帽灭;天足兴,纤足灭;阳历兴,阴历灭;鞠躬礼兴,跪拜礼灭......”这首民谣反映了某个重大历史事件引起的社会风貌的变化。这一事件是",戊戌变法,洋务运动,辛亥革命,护法运动,C,verified,Microsoft Research AGIEval,https://github.com/ruixiangcui/AGIEval,2007,上海,高考真题,unique,valid,pending,,数据来源: 2007年上海市高中毕业统一学业考试历史试卷（答案版）,d20a0c33f46aad2afc413ea0b0eea2a8bb4443055b380ff44b7bf844f55b65c1
CHIS_000362,GROUP_AGIEVAL_2007_0362,,"针对党内“红旗到底打得多久”的疑问,毛泽东撰写《中国的红色政权为什么能够存在》等著述,作出了肯定的回答。毛泽东所说的红色政权,最先建立的是",中央革命根据地,井冈山革命根据地,川陕革命根据地,川陕甘革命根据地,B,verified,Microsoft Research AGIEval,https://github.com/ruixiangcui/AGIEval,2007,上海,高考真题,unique,valid,pending,,数据来源: 2007年上海市高中毕业统一学业考试历史试卷（答案版）,6eea85c8a0300b3d919239050d46fbbe581de6edc3cdbe0682319381fefb8af0
CHIS_000363,GROUP_AGIEVAL_2007_0363,,"有网友看了左侧这幅政治漫画后,表达了不同的看法,其中符合史实的是","英法设计,美国造桥","美国设计,英国造桥","国会设计,总统造桥","总统设计,国会造桥",B,verified,Microsoft Research AGIEval,https://github.com/ruixiangcui/AGIEval,2007,上海,高考真题,unique,valid,pending,,数据来源: 2007年上海市高中毕业统一学业考试历史试卷（答案版）,27e095aa55afe39bd7a1bf6496fd19c259e7598c3a400dfb81a8ac84b1f20595
CHIS_000364,GROUP_AGIEVAL_2007_0364,,"被历史学家称为法国无产阶级在“19世纪的最后一次革命,19世纪法国革命史诗的顶点和终点”的是",巴黎公社革命,二月革命,里昂工人起义,六月起义,A,verified,Microsoft Research AGIEval,https://github.com/ruixiangcui/AGIEval,2007,上海,高考真题,unique,valid,pending,,数据来源: 2007年上海市高中毕业统一学业考试历史试卷（答案版）,3631bf78aa257ae7ec7b717b2dae6796fa96e525d3d977c4c30f40c60b59088f
CHIS_000365,GROUP_AGIEVAL_2007_0365,,"1918年,德国历史学家斯宾格勒在目睹当时的状况后,出版了《西方的没落》这本名著。就当时的历史而言,这个“西方”是指",美洲,欧洲,德国,英国,B,verified,Microsoft Research AGIEval,https://github.com/ruixiangcui/AGIEval,2007,上海,高考真题,unique,valid,pending,,数据来源: 2007年上海市高中毕业统一学业考试历史试卷（答案版）,11fd733870ec5fadf508b0996b2c01606bcf2b0757d4706e1154f9e1ec7c0772
CHIS_000366,GROUP_AGIEVAL_2007_0366,,"艾森豪威尔总统曾回忆,他熬过三年战争岁月靠的是每晚睡四个小时,每天喝20杯咖啡,吸四包骆驼牌香烟,偶尔加一个三明治。那场战争是指",第一次世界大战,独立战争,第二次世界大战,南北战争,C,verified,Microsoft Research AGIEval,https://github.com/ruixiangcui/AGIEval,2007,上海,高考真题,unique,valid,pending,,数据来源: 2007年上海市高中毕业统一学业考试历史试卷（答案版）,08ecc01af3a21d09c049024b0e8a07719fe903432dcbe5db11a8797f58d66f71
CHIS_000367,GROUP_AGIEVAL_2007_0367,,"这张摄于1993年的照片震惊了世界,它向世人揭示了非洲依然存在的状况。自20世纪60年代以来,第三世界一直在为改变这种状况而努力,这种努力是",争取建立国际经济新秩序,倡导和平共处的万隆精神,实行不结盟的外交政策,建立多极化的世界格局,A,verified,Microsoft Research AGIEval,https://github.com/ruixiangcui/AGIEval,2007,上海,高考真题,unique,valid,pending,,数据来源: 2007年上海市高中毕业统一学业考试历史试卷（答案版）,68e6524e86ac0248e480b7f498010674292f6a939d98c541da11295b5dfce2fd
CHIS_000368,GROUP_AGIEVAL_2007_0368,,"一项考古统计表明,我国新石器时代稻谷遗存120余处,其中长江流域90余处,黄河流域12处,另有闽、浙、台数处。炭化粟粒、粟壳遗存40余处,分布于山东、河北、浙江、新疆等省区。据此可以推断1我国已由采集进入种植的时代 2我国的原始农业南北各具特色3南北之间粮食品种已有交流 4我国北方种植粮食早于南方",13,123,24,124,B,verified,Microsoft Research AGIEval,https://github.com/ruixiangcui/AGIEval,2007,上海,高考真题,unique,valid,pending,,数据来源: 2007年上海市高中毕业统一学业考试历史试卷（答案版）,202140bb2a633e9bcc514b774144631e508f577942f698b9ab70411f8b755fc9
CHIS_000369,GROUP_AGIEVAL_2007_0369,,"当代历史学家开始关注“忧愤”这一情感因素对于历史发展进程的影响。如果你要选择“忧愤之死”这一主题进行研究,合适的人物是",邓世昌,林肯,拿破仑,屈原,D,verified,Microsoft Research AGIEval,https://github.com/ruixiangcui/AGIEval,2007,上海,高考真题,unique,valid,pending,,数据来源: 2007年上海市高中毕业统一学业考试历史试卷（答案版）,f468c0ba69fe3fca731e93e79acd5df1e07dd2debd4edf8ed0914ab089fe3d5e
CHIS_000370,GROUP_AGIEVAL_2007_0370,,"2007年2月,印度天竺那烂陀举行玄奘纪念堂落成典礼,中印两国领导人应邀出席。印度举行这一盛大庆典是因为",玄奘长期生活于天竺那烂陀,天竺那烂陀是佛教的诞生地,唐代高僧玄奘曾去该地取经,玄奘促进了中印文化的交流,D,verified,Microsoft Research AGIEval,https://github.com/ruixiangcui/AGIEval,2007,上海,高考真题,unique,valid,pending,,数据来源: 2007年上海市高中毕业统一学业考试历史试卷（答案版）,9696de0e6c15c9dec5bb16c59523cd84084441f3730c442ca16d050efc9c94a7
CHIS_000371,GROUP_AGIEVAL_2007_0371,,"下面是份售书广告,1共产党宣言2庶民的胜利3列国陆军制4儒门医学5汽机新制。其中有可能在洋务运动中成为畅销书的是()",15,24,35,13,C,verified,Microsoft Research AGIEval,https://github.com/ruixiangcui/AGIEval,2007,上海,高考真题,unique,valid,pending,,数据来源: 2007年上海市高中毕业统一学业考试历史试卷（答案版）,1d7323b92442a09542a32e7b70bfec296dd8c12f9fa25df0b352a69073418fd9
CHIS_000372,GROUP_AGIEVAL_2007_0372,,"《马关条约》中规定:“日本臣民得在中国制造一切货物,其于内地运送税、内地税、钞课、杂派......即照日本臣民运入中国之货物一体办理,自应享优例豁除。”从中可以看出导致中国近代以来民族工业举步维艰的一个因素是",外资工业在中国的兴起,民族工业没有技术优势,民族工业没有资本优势,外资工业享有免税特权,D,verified,Microsoft Research AGIEval,https://github.com/ruixiangcui/AGIEval,2007,上海,高考真题,unique,valid,pending,,数据来源: 2007年上海市高中毕业统一学业考试历史试卷（答案版）,e42dcfc167e945b82acf592ff5012eb09a452b7d38fd11ff3ba2bdef8f142486
CHIS_000373,GROUP_AGIEVAL_2007_0373,,"20世纪初期,中国曾“以俄为师”。这里的“俄”通常是指1沙俄 2苏俄 3苏联 4独联体 5俄罗斯",12,25,23,34,C,verified,Microsoft Research AGIEval,https://github.com/ruixiangcui/AGIEval,2007,上海,高考真题,unique,valid,pending,,数据来源: 2007年上海市高中毕业统一学业考试历史试卷（答案版）,95b5addfbf0d5a67cd55b1ae41e722e5b3d466e01d53ff12345e5d57a85e0db5
CHIS_000374,GROUP_AGIEVAL_2007_0374,,"1940年12月30日,中国共产党创建的第一个广播电台——延安新华广播电台第一次正式播音。当天可能播出的新闻是",百团大战的最新战况,法西斯德国无条件投降,人民解放军占领南京,日本偷袭美国的珍珠港,A,verified,Microsoft Research AGIEval,https://github.com/ruixiangcui/AGIEval,2007,上海,高考真题,unique,valid,pending,,数据来源: 2007年上海市高中毕业统一学业考试历史试卷（答案版）,c9aae7661af49ecde55538a976fbde64617e41b5db80af74ddbf95071a83839c
CHIS_000375,GROUP_AGIEVAL_2007_0375,,"1956年1月2日下午,上海50万人冒雨集会,副市长兴奋地宣告:“我国资本主义最集中的城市,开始进入社会主义社会了!这一伟大胜利是我们人民的胜利。”他如此激动是因为上海完成了",工商业改造,统购统销,“一五”计划,土地改革,A,verified,Microsoft Research AGIEval,https://github.com/ruixiangcui/AGIEval,2007,上海,高考真题,unique,valid,pending,,数据来源: 2007年上海市高中毕业统一学业考试历史试卷（答案版）,79419945d68b6525205b8545518c4bb740849c786d7e0eeae879dd0d6cda43d9
CHIS_000376,GROUP_AGIEVAL_2007_0376,,"随着历史的变迁,许多概念的内涵发生了变化。例如“革命”,最早界定为改朝换代,近代以来则多指政治体制变革。下列选项对应上述概念内涵的是",汤武革命/“光荣革命”,“光荣革命”/工业革命,汤武革命/“文化大革命”,工业革命/“文化大革命”,A,verified,Microsoft Research AGIEval,https://github.com/ruixiangcui/AGIEval,2007,上海,高考真题,unique,valid,pending,,数据来源: 2007年上海市高中毕业统一学业考试历史试卷（答案版）,b0178f7b3f1c35ab19f2c8ab8e1e33d683058d7a0f746d0e041643d6d0b0bb57
CHIS_000377,GROUP_AGIEVAL_2007_0377,,"“《百科全书》的读者群并不是由资本家够成的,而是1789年中瓦解得最快的各个部门。他们来自于高等法院和大法官裁判所,来自波旁王朝的官僚机构、军队和教会。一种进步的意识形态竟然渗透了社会结构中最为陈旧和锈蚀的部分,这看起来似乎有些荒谬,但大革命正是从悖论中开始的。”这段话表明,作者认为法国大革命爆发的原因是",人民攻占巴士底狱,特权阶级的自我崩溃,资产阶级要求革命,国王召开了三级会议,B,verified,Microsoft Research AGIEval,https://github.com/ruixiangcui/AGIEval,2007,上海,高考真题,unique,valid,pending,,数据来源: 2007年上海市高中毕业统一学业考试历史试卷（答案版）,5f2c16fa9150415af77de7b12c659c3d363ba33dcc626032f6090a18c99a972d
CHIS_000378,GROUP_AGIEVAL_2007_0378,,"1874年,日本人将“Science”翻译成为“科学”,后于1915年引入中国。与这一概念传播相关的事件是",洋务运动/明治维新,明治维新/新文化运动,洋务运动/戊戌变法,戊戌变法/新文化运动,B,verified,Microsoft Research AGIEval,https://github.com/ruixiangcui/AGIEval,2007,上海,高考真题,unique,valid,pending,,数据来源: 2007年上海市高中毕业统一学业考试历史试卷（答案版）,a5ef085e3019b2ba9588e5d671ffef6ef0aca1fd94b6cee808c2e091a3f18440
CHIS_000379,GROUP_AGIEVAL_2008_0379,,"“封建亲戚,以藩屏周。”这句话指的是",分封制,井田制,郡县制,行省制,A,verified,Microsoft Research AGIEval,https://github.com/ruixiangcui/AGIEval,2008,上海,高考真题,unique,valid,pending,,数据来源: 2008年上海市高中毕业统一学业考试历史试卷（答案版）,6f614df67421030836b2aae5b8e6ac51d68e3baa94ba2b5e118ad738686ecfb8
CHIS_000380,GROUP_AGIEVAL_2008_0380,,"战国时期有人提出:“明主之国,无书简之文,以法为教;无先王之语,以吏为师。”这句话反映的是",儒家的思想,道家的思想,墨家的思想,法家的思想,D,verified,Microsoft Research AGIEval,https://github.com/ruixiangcui/AGIEval,2008,上海,高考真题,unique,valid,pending,,数据来源: 2008年上海市高中毕业统一学业考试历史试卷（答案版）,1aeb8da4099cbd93acd77915807de42a0ff7113e4a29c6cc7a218471f4edfeff
CHIS_000381,GROUP_AGIEVAL_2008_0381,,"有一部断代体史书,首创“志”的体裁,经两代人合作完成。这部书是",《史记》,《三国志》,《汉书》,《资治通鉴》,C,verified,Microsoft Research AGIEval,https://github.com/ruixiangcui/AGIEval,2008,上海,高考真题,unique,valid,pending,,数据来源: 2008年上海市高中毕业统一学业考试历史试卷（答案版）,b7f68dd99fd01ff6154178c686bf1d400475b886c93fe850c7587037f3f8c029
CHIS_000382,GROUP_AGIEVAL_2008_0382,,东汉时期“豪强”的基本特征是,拥兵自重称霸一方,依靠巧取豪夺聚敛财富,通过科举获得功名,世代享有政治经济特权,D,verified,Microsoft Research AGIEval,https://github.com/ruixiangcui/AGIEval,2008,上海,高考真题,unique,valid,pending,,数据来源: 2008年上海市高中毕业统一学业考试历史试卷（答案版）,a9e0a3829025af86c1eb1dd70006488e87df194fe51dde044955b69bb8e64d52
CHIS_000383,GROUP_AGIEVAL_2008_0383,,"均田制是中国古代重要的土地制度,推行该制度的朝代有 1西周 2北魏 3唐朝 4明朝",12,23,14,34,B,verified,Microsoft Research AGIEval,https://github.com/ruixiangcui/AGIEval,2008,上海,高考真题,unique,valid,pending,,数据来源: 2008年上海市高中毕业统一学业考试历史试卷（答案版）,c67c5f078c794b63f085c6a90d3856bdae7a74775253a0e8669373872472ce50
CHIS_000384,GROUP_AGIEVAL_2008_0384,,"“渔阳鼙鼓动地来,惊破霓裳羽衣曲......马嵬坡下泥土中,不见玉颜空死处。”这几句诗所反映的历史事件是",七国之乱,八王之乱,安史之乱,三藩之乱,C,verified,Microsoft Research AGIEval,https://github.com/ruixiangcui/AGIEval,2008,上海,高考真题,unique,valid,pending,,数据来源: 2008年上海市高中毕业统一学业考试历史试卷（答案版）,3fee3ecfe77c1cb958ef2498f18950d133f4b738d2334ceef3d12fba6e4d5a6a
CHIS_000385,GROUP_AGIEVAL_2008_0385,,中国历史上推行重文轻武、大将不得据地拥兵政策的朝代是,西汉,隋朝,宋朝,清朝,C,verified,Microsoft Research AGIEval,https://github.com/ruixiangcui/AGIEval,2008,上海,高考真题,unique,valid,pending,,数据来源: 2008年上海市高中毕业统一学业考试历史试卷（答案版）,78e31fa5725ad2c610cff557ad5389bfcb282c548d01d2e6f4315c605f9c3469
CHIS_000386,GROUP_AGIEVAL_2008_0386,,"中国古代有许多重大发明,下列发明按出现的先后顺序排列正确的是",司南、纸、火药、活字印刷,纸、火药、活字印刷、司南,火药、活字印刷、司南、纸,活字印刷、司南、纸、火药,A,verified,Microsoft Research AGIEval,https://github.com/ruixiangcui/AGIEval,2008,上海,高考真题,unique,valid,pending,,数据来源: 2008年上海市高中毕业统一学业考试历史试卷（答案版）,957877d547038546714b780cd5164c351126a999e10e3c1077fbba8379dff2a1
CHIS_000387,GROUP_AGIEVAL_2008_0387,,"“月亮既不会掉下来,也不会离去,那是因为它的运动正好抵消了地球的引力。”说这句话的科学家是",牛顿,波义耳,拉瓦锡,哥白尼,A,verified,Microsoft Research AGIEval,https://github.com/ruixiangcui/AGIEval,2008,上海,高考真题,unique,valid,pending,,数据来源: 2008年上海市高中毕业统一学业考试历史试卷（答案版）,149d1a1dfa3edfbc08463b79ff4725a4c375fdf234118d2e3c0c222ee3d6c562
CHIS_000388,GROUP_AGIEVAL_2008_0388,,以下农民运动受基督教影响的是,秦末农民起义,明末农民起义,太平天国运动,义和团运动,C,verified,Microsoft Research AGIEval,https://github.com/ruixiangcui/AGIEval,2008,上海,高考真题,unique,valid,pending,,数据来源: 2008年上海市高中毕业统一学业考试历史试卷（答案版）,eb2d641a2ca99045cad4ee0b2d9409233557768f24b81dbfb7655f6dc2fedf5b
CHIS_000389,GROUP_AGIEVAL_2008_0389,,"有首上海的旧民谣,讲述了清朝260多年的大事,其中与戊戌政变有关的句子是","吴三桂要去借清兵,顺治帝登基享现成","林则徐严禁吸洋烟,忠心报国无人识","曾国藩团练起湘乡,淮军还有李鸿章","好头颅六个凭空送,菜市街夜夜叫冤魂",D,verified,Microsoft Research AGIEval,https://github.com/ruixiangcui/AGIEval,2008,上海,高考真题,unique,valid,pending,,数据来源: 2008年上海市高中毕业统一学业考试历史试卷（答案版）,5c89fea48490eb347306a8af6e6e92474afb9d6e484ed3f287282f5efffe2fc9
CHIS_000390,GROUP_AGIEVAL_2008_0390,,"最近,中共一大会址纪念馆为增补共产国际代表尼科尔斯基的照片费尽周折。假设寻找时发现了下列原始材料,能佐证他出席中共一大的是",1921年10月开往上海的船票,1919年签发的苏联护照,1921年7月初和马林在上海的合影,1925年向共产国际汇报五卅运动情况的俄文原稿,C,verified,Microsoft Research AGIEval,https://github.com/ruixiangcui/AGIEval,2008,上海,高考真题,unique,valid,pending,,数据来源: 2008年上海市高中毕业统一学业考试历史试卷（答案版）,c5d70d35f55390a8bddfbed6769476a0121c7b0665bcd8ad4c5d2337a109ddc0
CHIS_000391,GROUP_AGIEVAL_2008_0391,,第二次世界大战后出现的南南合作和南北对话分别指,发展中国家间合作/发达国家间对话,发达国家间合作/发展中国家间对话,发达国家与发展中国家合作/发展中国家间对话,发展中国家间合作/发展中国家与发达国家的对话,D,verified,Microsoft Research AGIEval,https://github.com/ruixiangcui/AGIEval,2008,上海,高考真题,unique,valid,pending,,数据来源: 2008年上海市高中毕业统一学业考试历史试卷（答案版）,d8f59d3db0d6374732cca296603b76e81bf31f1eedf2bf10644b0dfcc5a11f3b
CHIS_000392,GROUP_AGIEVAL_2008_0392,,旧石器时代用作工具的石块与天然石块的主要区别在于,更加经久耐用,有人为加工痕迹,靠近考古遗址,更加圆润细腻,B,verified,Microsoft Research AGIEval,https://github.com/ruixiangcui/AGIEval,2008,上海,高考真题,unique,valid,pending,,数据来源: 2008年上海市高中毕业统一学业考试历史试卷（答案版）,1d449d1df4d9bac5ed223246853b896ee34df95cd02fce708c4f3d765aae0470
CHIS_000393,GROUP_AGIEVAL_2008_0393,,"四位学生在看完一场战争片后展开议论 。 甲说:我反对战争,发动战争的人应该受重罚 乙说:我也反对战争,销毁一切杀人武器才是最要紧的 丙说:我想最关键的是要消除战争根源 丁说:我认为战争是国家生死存亡的大事,不要轻言战争 以上与孙武观点相吻合的是",甲,乙,丙,丁,D,verified,Microsoft Research AGIEval,https://github.com/ruixiangcui/AGIEval,2008,上海,高考真题,unique,valid,pending,,数据来源: 2008年上海市高中毕业统一学业考试历史试卷（答案版）,6fd43b109ff70d21bbae7d91ff471d956edca5a39f1b04315baa7a442e62402e
CHIS_000394,GROUP_AGIEVAL_2008_0394,,"中国古代有一个统一王朝,它最先在全国范围内推行了郡县制,建立起中央集权制的政治模式。据此判断,这个王朝是",西周,秦朝,东汉,明朝,B,verified,Microsoft Research AGIEval,https://github.com/ruixiangcui/AGIEval,2008,上海,高考真题,unique,valid,pending,,数据来源: 2008年上海市高中毕业统一学业考试历史试卷（答案版）,f37a960efc6889db35e316a85e773048765652d923fecc3c37760e621e7a8ed5
CHIS_000395,GROUP_AGIEVAL_2008_0395,,"有网友发表帖子讨论科举制时说:“自秦以来,科举兴于世,始以八股为试,学子彻夜秉读。然科举追求功禄,令学子神经麻木,岂真学识耶?”对该帖最恰当的评价是",对科举制的评价是完全正确的,仅从追求功禄评价科举制是片面的,关于科举制的史实和评价都有问题,关于科举制和八股取士产生的时间都有错误,C,verified,Microsoft Research AGIEval,https://github.com/ruixiangcui/AGIEval,2008,上海,高考真题,unique,valid,pending,,数据来源: 2008年上海市高中毕业统一学业考试历史试卷（答案版）,9761703591827c115358b1cf04c4713cf3d5cb0d60fa89ecd3b9a4baffe489ba
CHIS_000396,GROUP_AGIEVAL_2008_0396,,"英国资产阶级革命爆发前,反对国王专制统治的阵地在",议会,三级会议,教会,大陆会议,A,verified,Microsoft Research AGIEval,https://github.com/ruixiangcui/AGIEval,2008,上海,高考真题,unique,valid,pending,,数据来源: 2008年上海市高中毕业统一学业考试历史试卷（答案版）,a54772ffe0f5a0bcc366f7941b6743ab2a564c94cf1cd260952824752e08a6ef
CHIS_000397,GROUP_AGIEVAL_2008_0397,,"司汤达小说中的人物曾说:“自从蒸汽机成为世界的王后以来,贵族头衔已成为无用之物。”结合所学史实,对这句话的理解正确的是","客观真实,可以采信","主观臆断,有待考证","背离史实,不足为信","小说家言,皆不可信",A,verified,Microsoft Research AGIEval,https://github.com/ruixiangcui/AGIEval,2008,上海,高考真题,unique,valid,pending,,数据来源: 2008年上海市高中毕业统一学业考试历史试卷（答案版）,52df7db741be8fe0534ef5c99c098a30388a43b00f4d6d524863d47355b0cc67
CHIS_000398,GROUP_AGIEVAL_2008_0398,,1870年由法国人主动发起的在历史上被称为“最愚蠢的一场战争”的是,七年战争,普法战争,拿破仑战争,第一次世界大战,B,verified,Microsoft Research AGIEval,https://github.com/ruixiangcui/AGIEval,2008,上海,高考真题,unique,valid,pending,,数据来源: 2008年上海市高中毕业统一学业考试历史试卷（答案版）,d2f82f90e563acabc15218867ab3e989ae1defef7edebded415d51ee1b8e3c74
CHIS_000399,GROUP_AGIEVAL_2008_0399,,19世纪70年代有个日本人对来访的德国友人说:“我们的历史自今日始!”这句话的意思是这一时期的日本,正开始建设现代国家,刚准备抵制西方文化,才决定学习儒家经典,已成为世界重要强国,A,verified,Microsoft Research AGIEval,https://github.com/ruixiangcui/AGIEval,2008,上海,高考真题,unique,valid,pending,,数据来源: 2008年上海市高中毕业统一学业考试历史试卷（答案版）,56153a7ae7d30678e6daeb223e09cb25798cf04e66eaa55775fcdc0cdb15ed50
CHIS_000400,GROUP_AGIEVAL_2008_0400,,"19世纪后期,主要资本主义国家逐渐进入垄断阶段,“垄断”的本质是",科学技术和管理手段的高度发展,生产规模巨大、资本高度集中,消除了资本主义的自由竞争,托拉斯组织的普遍出现,B,verified,Microsoft Research AGIEval,https://github.com/ruixiangcui/AGIEval,2008,上海,高考真题,unique,valid,pending,,数据来源: 2008年上海市高中毕业统一学业考试历史试卷（答案版）,2007a9d5ae4bee3b50e7970b0bccdb2dfa4f3a12448827eaec49cf8193329cd4
